scenario_id,actor,modality,emotion,video_path
0100104,R,T,humiliating,01/0100104/0100104R6Thumiliating.mov
0100104,S,V,humiliating,01/0100104/0100104S1Vhumiliating.mov
0100104,P,T,humiliating,01/0100104/0100104P5Thumiliating.mov
0100104,U,T,humiliating,01/0100104/0100104U5Thumiliating.mov
0100104,Z,T,humiliating,01/0100104/0100104Z5Thumiliating.mov
0100104,P,T,humiliating,01/0100104/0100104P6Thumiliating.mov
0100104,S,V,humiliating,01/0100104/0100104S2Vhumiliating.mov
0100104,U,T,humiliating,01/0100104/0100104U6Thumiliating.mov
0100203,P,T,detesting,01/0100203/0100203P5Tdetesting.mov
0100203,P,T,detesting,01/0100203/0100203P6Tdetesting.mov
0100203,R,T,detesting,01/0100203/0100203R6Tdetesting.mov
0100203,Z,T,detesting,01/0100203/0100203Z6Tdetesting.mov
0100203,U,T,detesting,01/0100203/0100203U5Tdetesting.mov
0100203,S,V,detesting,01/0100203/0100203S2Vdetesting.mov
0100203,S,V,detesting,01/0100203/0100203S1Vdetesting.mov
0100203,P,T,detesting,01/0100203/0100203P3Tdetesting.mov
0100502,U,T,blaming,01/0100502/0100502U6Tblaming.mov
0100502,S,V,blaming,01/0100502/0100502S6Vblaming.mov
0100502,U,T,blaming,01/0100502/0100502U2Tblaming.mov
0100502,S,V,blaming,01/0100502/0100502S1Vblaming.mov
0100502,Z,T,blaming,01/0100502/0100502Z5Tblaming.mov
0100502,P,T,blaming,01/0100502/0100502P6Tblaming.mov
0100502,U,T,blaming,01/0100502/0100502U1Tblaming.mov
0100809,R,T,scolding,01/0100809/0100809R6Tscolding.mov
0100809,W,T,scolding,01/0100809/0100809W5Tscolding.mov
0100809,U,T,scolding,01/0100809/0100809U6Tscolding.mov
0100809,S,V,scolding,01/0100809/0100809S3Vscolding.mov
0100809,P,T,scolding,01/0100809/0100809P6Tscolding.mov
0100809,S,V,scolding,01/0100809/0100809S2Vscolding.mov
0100809,U,T,scolding,01/0100809/0100809U5Tscolding.mov
0101001,U,T,aggressive,01/0101001/0101001U5Taggressive.mov
0101001,R,T,aggressive,01/0101001/0101001R6Taggressive.mov
0101001,U,T,aggressive,01/0101001/0101001U6Taggressive.mov
0101001,Z,T,aggressive,01/0101001/0101001Z6Taggressive.mov
0101001,P,T,aggressive,01/0101001/0101001P6Taggressive.mov
0101001,S,V,aggressive,01/0101001/0101001S2Vaggressive.mov
0101001,P,T,aggressive,01/0101001/0101001P5Taggressive.mov
0101001,S,V,aggressive,01/0101001/0101001S1Vaggressive.mov
0101103,S,V,remote,01/0101103/0101103S2Vremote.mov
0101103,U,T,remote,01/0101103/0101103U6Tremote.mov
0101103,P,T,remote,01/0101103/0101103P6Tremote.mov
0101103,P,T,remote,01/0101103/0101103P5Tremote.mov
0101103,R,T,remote,01/0101103/0101103R6Tremote.mov
0101103,U,T,remote,01/0101103/0101103U5Tremote.mov
0101103,S,V,remote,01/0101103/0101103S1Vremote.mov
0101103,Z,T,remote,01/0101103/0101103Z5Tremote.mov
0101201,U,T,animosity,01/0101201/0101201U5Tanimosity.mov
0101201,Z,T,animosity,01/0101201/0101201Z6Tanimosity.mov
0101201,R,T,animosity,01/0101201/0101201R6Tanimosity.mov
0101201,U,T,animosity,01/0101201/0101201U6Tanimosity.mov
0101201,P,T,animosity,01/0101201/0101201P6Tanimosity.mov
0101201,P,T,animosity,01/0101201/0101201P3Tanimosity.mov
0101201,S,V,animosity,01/0101201/0101201S1Vanimosity.mov
0101702,U,T,resentful,01/0101702/0101702U5Tresentful.mov
0101702,Z,T,resentful,01/0101702/0101702Z5Tresentful.mov
0101702,S,V,resentful,01/0101702/0101702S3Vresentful.mov
0101702,R,T,resentful,01/0101702/0101702R6Tresentful.mov
0101702,U,T,resentful,01/0101702/0101702U6Tresentful.mov
0101702,P,T,resentful,01/0101702/0101702P6Tresentful.mov
0101702,P,T,resentful,01/0101702/0101702P5Tresentful.mov
0101801,P,T,belittling,01/0101801/0101801P5Tbelittling.mov
0101801,P,T,belittling,01/0101801/0101801P3Tbelittling.mov
0101801,S,V,belittling,01/0101801/0101801S1Vbelittling.mov
0101801,S,V,belittling,01/0101801/0101801S4Vbelittling.mov
0101801,P,T,belittling,01/0101801/0101801P6Tbelittling.mov
0101801,R,T,belittling,01/0101801/0101801R6Tbelittling.mov
0101801,Z,T,belittling,01/0101801/0101801Z6Tbelittling.mov
0101801,U,T,belittling,01/0101801/0101801U5Tbelittling.mov
0102301,A,T,brazen,01/0102301/0102301A5Tbrazen.mov
0102301,P,T,brazen,01/0102301/0102301P6Tbrazen.mov
0102301,P,T,brazen,01/0102301/0102301P5Tbrazen.mov
0102301,S,V,brazen,01/0102301/0102301S6Vbrazen.mov
0102301,R,T,brazen,01/0102301/0102301R6Tbrazen.mov
0102301,U,T,brazen,01/0102301/0102301U5Tbrazen.mov
0102301,Z,T,brazen,01/0102301/0102301Z5Tbrazen.mov
0102301,S,V,brazen,01/0102301/0102301S1Vbrazen.mov
0102402,S,V,cruel,01/0102402/0102402S1Vcruel.mov
0102402,U,T,cruel,01/0102402/0102402U6Tcruel.mov
0102402,P,T,cruel,01/0102402/0102402P6Tcruel.mov
0102402,Z,T,cruel,01/0102402/0102402Z6Tcruel.mov
0102402,U,T,cruel,01/0102402/0102402U1Tcruel.mov
0102402,U,T,cruel,01/0102402/0102402U2Tcruel.mov
0102402,U,T,cruel,01/0102402/0102402U5Tcruel.mov
0102402,S,V,cruel,01/0102402/0102402S4Vcruel.mov
0102501,P,T,bullying,01/0102501/0102501P3Tbullying.mov
0102501,U,T,bullying,01/0102501/0102501U1Tbullying.mov
0102501,R,T,bullying,01/0102501/0102501R6Tbullying.mov
0102501,P,T,bullying,01/0102501/0102501P5Tbullying.mov
0102501,U,T,bullying,01/0102501/0102501U2Tbullying.mov
0102501,S,V,bullying,01/0102501/0102501S4Vbullying.mov
0102501,Z,T,bullying,01/0102501/0102501Z6Tbullying.mov
0102604,Z,T,pitiless,01/0102604/0102604Z6Tpitiless.mov
0102604,S,V,pitiless,01/0102604/0102604S4Vpitiless.mov
0102604,P,T,pitiless,01/0102604/0102604P6Tpitiless.mov
0102604,U,T,pitiless,01/0102604/0102604U5Tpitiless.mov
0102604,R,T,pitiless,01/0102604/0102604R6Tpitiless.mov
0102604,P,T,pitiless,01/0102604/0102604P5Tpitiless.mov
0102604,S,V,pitiless,01/0102604/0102604S1Vpitiless.mov
0102604,P,T,pitiless,01/0102604/0102604P3Tpitiless.mov
0102901,P,T,cold,01/0102901/0102901P3Tcold.mov
0102901,Z,T,cold,01/0102901/0102901Z5Tcold.mov
0102901,U,T,cold,01/0102901/0102901U1Tcold.mov
0102901,R,T,cold,01/0102901/0102901R6Tcold.mov
0102901,S,V,cold,01/0102901/0102901S3Vcold.mov
0102901,S,V,cold,01/0102901/0102901S4Vcold.mov
0102901,P,T,cold,01/0102901/0102901P6Tcold.mov
0102901,U,T,cold,01/0102901/0102901U2Tcold.mov
0103001,S,V,condemning,01/0103001/0103001S3Vcondemning.mov
0103001,P,T,condemning,01/0103001/0103001P6Tcondemning.mov
0103001,S,V,condemning,01/0103001/0103001S4Vcondemning.mov
0103001,P,T,condemning,01/0103001/0103001P4Tcondemning.mov
0103001,P,T,condemning,01/0103001/0103001P5Tcondemning.mov
0103001,U,T,condemning,01/0103001/0103001U5Tcondemning.mov
0103001,Z,T,condemning,01/0103001/0103001Z5Tcondemning.mov
0103001,R,T,condemning,01/0103001/0103001R6Tcondemning.mov
0103101,P,T,condescending,01/0103101/0103101P5Tcondescending.mov
0103101,P,T,condescending,01/0103101/0103101P3Tcondescending.mov
0103101,P,T,condescending,01/0103101/0103101P6Tcondescending.mov
0103101,U,T,condescending,01/0103101/0103101U5Tcondescending.mov
0103101,R,T,condescending,01/0103101/0103101R6Tcondescending.mov
0103101,S,V,condescending,01/0103101/0103101S1Vcondescending.mov
0103101,Z,T,condescending,01/0103101/0103101Z6Tcondescending.mov
0103101,S,V,condescending,01/0103101/0103101S6Vcondescending.mov
0103203,S,V,argumentative,01/0103203/0103203S1Vargumentative.mov
0103203,U,T,argumentative,01/0103203/0103203U1Targumentative.mov
0103203,P,T,argumentative,01/0103203/0103203P6Targumentative.mov
0103203,U,T,argumentative,01/0103203/0103203U5Targumentative.mov
0103203,U,T,argumentative,01/0103203/0103203U6Targumentative.mov
0103203,U,T,argumentative,01/0103203/0103203U2Targumentative.mov
0103301,A,T,contemptuous,01/0103301/0103301A5Tcontemptuous.mov
0103301,R,T,contemptuous,01/0103301/0103301R6Tcontemptuous.mov
0103301,P,T,contemptuous,01/0103301/0103301P3Tcontemptuous.mov
0103301,P,T,contemptuous,01/0103301/0103301P6Tcontemptuous.mov
0103301,S,V,contemptuous,01/0103301/0103301S4Vcontemptuous.mov
0103301,S,V,contemptuous,01/0103301/0103301S3Vcontemptuous.mov
0103301,P,T,contemptuous,01/0103301/0103301P5Tcontemptuous.mov
0103301,Z,T,contemptuous,01/0103301/0103301Z6Tcontemptuous.mov
0103401,S,V,contradictory,01/0103401/0103401S1Vcontradictory.mov
0103401,Z,T,contradictory,01/0103401/0103401Z5Tcontradictory.mov
0103401,R,T,contradictory,01/0103401/0103401R6Tcontradictory.mov
0103401,S,V,contradictory,01/0103401/0103401S6Vcontradictory.mov
0103401,P,T,contradictory,01/0103401/0103401P5Tcontradictory.mov
0103401,P,T,contradictory,01/0103401/0103401P4Tcontradictory.mov
0103401,U,T,contradictory,01/0103401/0103401U5Tcontradictory.mov
0103401,P,T,contradictory,01/0103401/0103401P6Tcontradictory.mov
0103501,U,T,contrary,01/0103501/0103501U6Tcontrary.mov
0103501,P,T,contrary,01/0103501/0103501P3Tcontrary.mov
0103501,R,T,contrary,01/0103501/0103501R6Tcontrary.mov
0103501,S,V,contrary,01/0103501/0103501S5Vcontrary.mov
0103501,U,T,contrary,01/0103501/0103501U5Tcontrary.mov
0103501,P,T,contrary,01/0103501/0103501P6Tcontrary.mov
0103501,Z,T,contrary,01/0103501/0103501Z6Tcontrary.mov
0103901,P,T,defiant,01/0103901/0103901P6Tdefiant.mov
0103901,P,T,defiant,01/0103901/0103901P3Tdefiant.mov
0103901,S,V,defiant,01/0103901/0103901S1Vdefiant.mov
0103901,P,T,defiant,01/0103901/0103901P5Tdefiant.mov
0103901,Z,T,defiant,01/0103901/0103901Z6Tdefiant.mov
0103901,U,T,defiant,01/0103901/0103901U5Tdefiant.mov
0103901,S,V,defiant,01/0103901/0103901S6Vdefiant.mov
0103901,R,T,defiant,01/0103901/0103901R6Tdefiant.mov
0104002,P,T,discouraging,01/0104002/0104002P4Tdiscouraging.mov
0104002,P,T,discouraging,01/0104002/0104002P5Tdiscouraging.mov
0104002,P,T,discouraging,01/0104002/0104002P6Tdiscouraging.mov
0104002,A,T,discouraging,01/0104002/0104002A5Tdiscouraging.mov
0104002,Z,T,discouraging,01/0104002/0104002Z5Tdiscouraging.mov
0104002,R,T,discouraging,01/0104002/0104002R6Tdiscouraging.mov
0104002,S,V,discouraging,01/0104002/0104002S5Vdiscouraging.mov
0104201,R,T,despising,01/0104201/0104201R6Tdespising.mov
0104201,S,V,despising,01/0104201/0104201S4Vdespising.mov
0104201,U,T,despising,01/0104201/0104201U5Tdespising.mov
0104201,Z,T,despising,01/0104201/0104201Z5Tdespising.mov
0104201,P,T,despising,01/0104201/0104201P5Tdespising.mov
0104201,P,T,despising,01/0104201/0104201P6Tdespising.mov
0104201,P,T,despising,01/0104201/0104201P4Tdespising.mov
0104201,S,V,despising,01/0104201/0104201S1Vdespising.mov
0104401,P,T,difficult,01/0104401/0104401P4Tdifficult.mov
0104401,S,V,difficult,01/0104401/0104401S1Vdifficult.mov
0104401,Z,T,difficult,01/0104401/0104401Z5Tdifficult.mov
0104401,U,T,difficult,01/0104401/0104401U1Tdifficult.mov
0104401,U,T,difficult,01/0104401/0104401U2Tdifficult.mov
0104401,R,T,difficult,01/0104401/0104401R6Tdifficult.mov
0104401,P,T,difficult,01/0104401/0104401P5Tdifficult.mov
0104602,P,T,disapproving,01/0104602/0104602P4Tdisapproving.mov
0104602,P,T,disapproving,01/0104602/0104602P5Tdisapproving.mov
0104602,U,T,disapproving,01/0104602/0104602U5Tdisapproving.mov
0104602,P,T,disapproving,01/0104602/0104602P6Tdisapproving.mov
0104602,S,V,disapproving,01/0104602/0104602S4Vdisapproving.mov
0104602,S,V,disapproving,01/0104602/0104602S1Vdisapproving.mov
0104602,R,T,disapproving,01/0104602/0104602R6Tdisapproving.mov
0104602,Z,T,disapproving,01/0104602/0104602Z5Tdisapproving.mov
0104801,Z,T,disinclined,01/0104801/0104801Z5Tdisinclined.mov
0104801,U,T,disinclined,01/0104801/0104801U5Tdisinclined.mov
0104801,P,T,disinclined,01/0104801/0104801P4Tdisinclined.mov
0104801,S,V,disinclined,01/0104801/0104801S6Vdisinclined.mov
0104801,P,T,disinclined,01/0104801/0104801P5Tdisinclined.mov
0104801,R,T,disinclined,01/0104801/0104801R6Tdisinclined.mov
0104801,U,T,disinclined,01/0104801/0104801U6Tdisinclined.mov
0104801,S,V,disinclined,01/0104801/0104801S3Vdisinclined.mov
0104901,P,T,disliking,01/0104901/0104901P4Tdisliking.mov
0104901,S,V,disliking,01/0104901/0104901S2Vdisliking.mov
0104901,U,T,disliking,01/0104901/0104901U6Tdisliking.mov
0104901,U,T,disliking,01/0104901/0104901U2Tdisliking.mov
0104901,U,T,disliking,01/0104901/0104901U5Tdisliking.mov
0104901,U,T,disliking,01/0104901/0104901U1Tdisliking.mov
0104901,S,V,disliking,01/0104901/0104901S3Vdisliking.mov
0104901,P,T,disliking,01/0104901/0104901P5Tdisliking.mov
0105202,R,T,ignoring,01/0105202/0105202R6Tignoring.mov
0105202,A,T,ignoring,01/0105202/0105202A5Tignoring.mov
0105202,U,T,ignoring,01/0105202/0105202U6Tignoring.mov
0105202,S,V,ignoring,01/0105202/0105202S1Vignoring.mov
0105202,Z,T,ignoring,01/0105202/0105202Z6Tignoring.mov
0105202,A,T,ignoring,01/0105202/0105202A6Tignoring.mov
0105202,S,V,ignoring,01/0105202/0105202S4Vignoring.mov
0105202,U,T,ignoring,01/0105202/0105202U5Tignoring.mov
0105301,U,T,disrespectful,01/0105301/0105301U5Tdisrespectful.mov
0105301,U,T,disrespectful,01/0105301/0105301U1Tdisrespectful.mov
0105301,P,T,disrespectful,01/0105301/0105301P6Tdisrespectful.mov
0105301,U,T,disrespectful,01/0105301/0105301U2Tdisrespectful.mov
0105301,U,T,disrespectful,01/0105301/0105301U6Tdisrespectful.mov
0105301,Z,T,disrespectful,01/0105301/0105301Z6Tdisrespectful.mov
0106002,S,V,hateful,01/0106002/0106002S4Vhateful.mov
0106002,U,T,hateful,01/0106002/0106002U2Thateful.mov
0106002,Z,T,hateful,01/0106002/0106002Z6Thateful.mov
0106002,U,T,hateful,01/0106002/0106002U1Thateful.mov
0106002,R,T,hateful,01/0106002/0106002R6Thateful.mov
0106002,A,T,hateful,01/0106002/0106002A6Thateful.mov
0106201,U,T,gleeful,01/0106201/0106201U5Tgleeful.mov
0106201,S,V,gleeful,01/0106201/0106201S5Vgleeful.mov
0106201,R,T,gleeful,01/0106201/0106201R6Tgleeful.mov
0106201,U,T,gleeful,01/0106201/0106201U6Tgleeful.mov
0106201,P,T,gleeful,01/0106201/0106201P6Tgleeful.mov
0106201,S,V,gleeful,01/0106201/0106201S2Vgleeful.mov
0106201,Z,T,gleeful,01/0106201/0106201Z6Tgleeful.mov
0106201,P,T,gleeful,01/0106201/0106201P5Tgleeful.mov
0106501,S,V,haughty,01/0106501/0106501S4Vhaughty.mov
0106501,P,T,haughty,01/0106501/0106501P5Thaughty.mov
0106501,S,V,haughty,01/0106501/0106501S1Vhaughty.mov
0106501,P,T,haughty,01/0106501/0106501P6Thaughty.mov
0106501,P,T,haughty,01/0106501/0106501P4Thaughty.mov
0106501,A,T,haughty,01/0106501/0106501A5Thaughty.mov
0106501,R,T,haughty,01/0106501/0106501R6Thaughty.mov
0106501,U,T,haughty,01/0106501/0106501U6Thaughty.mov
0106601,U,T,hostile,01/0106601/0106601U6Thostile.mov
0106601,R,T,hostile,01/0106601/0106601R6Thostile.mov
0106601,S,V,hostile,01/0106601/0106601S6Vhostile.mov
0106601,U,T,hostile,01/0106601/0106601U5Thostile.mov
0106601,P,T,hostile,01/0106601/0106601P5Thostile.mov
0106601,Z,T,hostile,01/0106601/0106601Z6Thostile.mov
0106601,S,V,hostile,01/0106601/0106601S1Vhostile.mov
0106601,P,T,hostile,01/0106601/0106601P6Thostile.mov
0106804,P,T,rude,01/0106804/0106804P3Trude.mov
0106804,S,V,rude,01/0106804/0106804S6Vrude.mov
0106804,P,T,rude,01/0106804/0106804P5Trude.mov
0106804,R,T,rude,01/0106804/0106804R6Trude.mov
0106804,S,V,rude,01/0106804/0106804S3Vrude.mov
0106804,Z,T,rude,01/0106804/0106804Z6Trude.mov
0106804,U,T,rude,01/0106804/0106804U5Trude.mov
0106804,P,T,rude,01/0106804/0106804P6Trude.mov
0107202,S,V,unfriendly,01/0107202/0107202S3Vunfriendly.mov
0107202,S,V,unfriendly,01/0107202/0107202S2Vunfriendly.mov
0107202,P,T,unfriendly,01/0107202/0107202P3Tunfriendly.mov
0107202,U,T,unfriendly,01/0107202/0107202U2Tunfriendly.mov
0107202,Z,T,unfriendly,01/0107202/0107202Z5Tunfriendly.mov
0107202,R,T,unfriendly,01/0107202/0107202R6Tunfriendly.mov
0107202,U,T,unfriendly,01/0107202/0107202U6Tunfriendly.mov
0107202,U,T,unfriendly,01/0107202/0107202U1Tunfriendly.mov
0107302,P,T,uncaring,01/0107302/0107302P5Tuncaring.mov
0107302,R,T,uncaring,01/0107302/0107302R6Tuncaring.mov
0107302,A,T,uncaring,01/0107302/0107302A5Tuncaring.mov
0107302,P,T,uncaring,01/0107302/0107302P4Tuncaring.mov
0107302,Z,T,uncaring,01/0107302/0107302Z5Tuncaring.mov
0107302,S,V,uncaring,01/0107302/0107302S3Vuncaring.mov
0107302,U,T,uncaring,01/0107302/0107302U2Tuncaring.mov
0107302,S,V,uncaring,01/0107302/0107302S2Vuncaring.mov
0107801,R,T,judgmental,01/0107801/0107801R6Tjudgmental.mov
0107801,Z,T,judgmental,01/0107801/0107801Z5Tjudgmental.mov
0107801,U,T,judgmental,01/0107801/0107801U5Tjudgmental.mov
0107801,S,V,judgmental,01/0107801/0107801S1Vjudgmental.mov
0107801,P,T,judgmental,01/0107801/0107801P4Tjudgmental.mov
0107801,P,T,judgmental,01/0107801/0107801P5Tjudgmental.mov
0107801,S,V,judgmental,01/0107801/0107801S4Vjudgmental.mov
0107801,P,T,judgmental,01/0107801/0107801P6Tjudgmental.mov
0108001,A,T,mean,01/0108001/0108001A5Tmean.mov
0108001,U,T,mean,01/0108001/0108001U2Tmean.mov
0108001,Z,T,mean,01/0108001/0108001Z6Tmean.mov
0108001,U,T,mean,01/0108001/0108001U1Tmean.mov
0108001,S,V,mean,01/0108001/0108001S6Vmean.mov
0108001,P,T,mean,01/0108001/0108001P4Tmean.mov
0108001,U,T,mean,01/0108001/0108001U6Tmean.mov
0109602,P,T,rejecting,01/0109602/0109602P6Trejecting.mov
0109602,P,T,rejecting,01/0109602/0109602P5Trejecting.mov
0109602,S,V,rejecting,01/0109602/0109602S3Vrejecting.mov
0109602,U,T,rejecting,01/0109602/0109602U5Trejecting.mov
0109602,R,T,rejecting,01/0109602/0109602R6Trejecting.mov
0109602,Z,T,rejecting,01/0109602/0109602Z6Trejecting.mov
0109602,S,V,rejecting,01/0109602/0109602S2Vrejecting.mov
0109602,P,T,rejecting,01/0109602/0109602P3Trejecting.mov
0109801,R,T,sadistic,01/0109801/0109801R6Tsadistic.mov
0109801,P,T,sadistic,01/0109801/0109801P5Tsadistic.mov
0109801,P,T,sadistic,01/0109801/0109801P3Tsadistic.mov
0109801,Z,T,sadistic,01/0109801/0109801Z6Tsadistic.mov
0109801,S,V,sadistic,01/0109801/0109801S3Vsadistic.mov
0109801,P,T,sadistic,01/0109801/0109801P6Tsadistic.mov
0109801,U,T,sadistic,01/0109801/0109801U5Tsadistic.mov
0109901,A,T,sarcastic,01/0109901/0109901A6Tsarcastic.mov
0109901,P,T,sarcastic,01/0109901/0109901P5Tsarcastic.mov
0109901,P,T,sarcastic,01/0109901/0109901P6Tsarcastic.mov
0109901,S,V,sarcastic,01/0109901/0109901S4Vsarcastic.mov
0109901,Z,T,sarcastic,01/0109901/0109901Z5Tsarcastic.mov
0109901,U,T,sarcastic,01/0109901/0109901U5Tsarcastic.mov
0110101,P,T,selfish,01/0110101/0110101P3Tselfish.mov
0110101,U,T,selfish,01/0110101/0110101U1Tselfish.mov
0110101,P,T,selfish,01/0110101/0110101P6Tselfish.mov
0110101,S,V,selfish,01/0110101/0110101S1Vselfish.mov
0110101,Z,T,selfish,01/0110101/0110101Z6Tselfish.mov
0110101,U,T,selfish,01/0110101/0110101U2Tselfish.mov
0110101,U,T,selfish,01/0110101/0110101U5Tselfish.mov
0110401,Z,T,stern,01/0110401/0110401Z5Tstern.mov
0110401,A,T,stern,01/0110401/0110401A5Tstern.mov
0110401,S,V,stern,01/0110401/0110401S5Vstern.mov
0110401,P,T,stern,01/0110401/0110401P4Tstern.mov
0110401,P,T,stern,01/0110401/0110401P5Tstern.mov
0110401,P,T,stern,01/0110401/0110401P6Tstern.mov
0110401,S,V,stern,01/0110401/0110401S6Vstern.mov
0110401,R,T,stern,01/0110401/0110401R6Tstern.mov
0110501,P,T,supercilious,01/0110501/0110501P6Tsupercilious.mov
0110501,U,T,supercilious,01/0110501/0110501U6Tsupercilious.mov
0110501,P,T,supercilious,01/0110501/0110501P3Tsupercilious.mov
0110501,S,V,supercilious,01/0110501/0110501S5Vsupercilious.mov
0110501,R,T,supercilious,01/0110501/0110501R6Tsupercilious.mov
0110501,S,V,supercilious,01/0110501/0110501S2Vsupercilious.mov
0110501,U,T,supercilious,01/0110501/0110501U5Tsupercilious.mov
0110501,P,T,supercilious,01/0110501/0110501P5Tsupercilious.mov
0110701,U,T,threatening,01/0110701/0110701U1Tthreatening.mov
0110701,S,V,threatening,01/0110701/0110701S2Vthreatening.mov
0110701,U,T,threatening,01/0110701/0110701U2Tthreatening.mov
0110701,P,T,threatening,01/0110701/0110701P3Tthreatening.mov
0110701,Z,T,threatening,01/0110701/0110701Z5Tthreatening.mov
0110701,R,T,threatening,01/0110701/0110701R6Tthreatening.mov
0110701,P,T,threatening,01/0110701/0110701P5Tthreatening.mov
0110901,S,V,unapproachable,01/0110901/0110901S2Vunapproachable.mov
0110901,P,T,unapproachable,01/0110901/0110901P4Tunapproachable.mov
0110901,S,V,unapproachable,01/0110901/0110901S1Vunapproachable.mov
0110901,P,T,unapproachable,01/0110901/0110901P5Tunapproachable.mov
0110901,U,T,unapproachable,01/0110901/0110901U6Tunapproachable.mov
0110901,U,T,unapproachable,01/0110901/0110901U5Tunapproachable.mov
0110901,P,T,unapproachable,01/0110901/0110901P6Tunapproachable.mov
0110901,Z,T,unapproachable,01/0110901/0110901Z5Tunapproachable.mov
0111201,P,T,unkind,01/0111201/0111201P6Tunkind.mov
0111201,U,T,unkind,01/0111201/0111201U6Tunkind.mov
0111201,U,T,unkind,01/0111201/0111201U1Tunkind.mov
0111201,Z,T,unkind,01/0111201/0111201Z5Tunkind.mov
0111201,S,V,unkind,01/0111201/0111201S1Vunkind.mov
0111201,U,T,unkind,01/0111201/0111201U2Tunkind.mov
0111201,R,T,unkind,01/0111201/0111201R6Tunkind.mov
0111301,R,T,unreceptive,01/0111301/0111301R6Tunreceptive.mov
0111301,P,T,unreceptive,01/0111301/0111301P5Tunreceptive.mov
0111301,U,T,unreceptive,01/0111301/0111301U5Tunreceptive.mov
0111301,P,T,unreceptive,01/0111301/0111301P3Tunreceptive.mov
0111301,P,T,unreceptive,01/0111301/0111301P6Tunreceptive.mov
0111301,S,V,unreceptive,01/0111301/0111301S2Vunreceptive.mov
0111301,Z,T,unreceptive,01/0111301/0111301Z6Tunreceptive.mov
0111301,S,V,unreceptive,01/0111301/0111301S3Vunreceptive.mov
0111602,P,T,vindictive,01/0111602/0111602P6Tvindictive.mov
0111602,S,V,vindictive,01/0111602/0111602S2Vvindictive.mov
0111602,S,V,vindictive,01/0111602/0111602S1Vvindictive.mov
0111602,P,T,vindictive,01/0111602/0111602P4Tvindictive.mov
0111602,Z,T,vindictive,01/0111602/0111602Z5Tvindictive.mov
0111602,U,T,vindictive,01/0111602/0111602U5Tvindictive.mov
0111602,R,T,vindictive,01/0111602/0111602R6Tvindictive.mov
0111602,U,T,vindictive,01/0111602/0111602U6Tvindictive.mov
0111901,U,T,violent,01/0111901/0111901U2Tviolent.mov
0111901,P,T,violent,01/0111901/0111901P5Tviolent.mov
0111901,Z,T,violent,01/0111901/0111901Z5Tviolent.mov
0111901,S,V,violent,01/0111901/0111901S2Vviolent.mov
0111901,R,T,violent,01/0111901/0111901R6Tviolent.mov
0111901,P,T,violent,01/0111901/0111901P4Tviolent.mov
0111901,A,T,violent,01/0111901/0111901A5Tviolent.mov
0112101,U,T,oppressive,01/0112101/0112101U5Toppressive.mov
0112101,A,T,oppressive,01/0112101/0112101A6Toppressive.mov
0112101,U,T,oppressive,01/0112101/0112101U6Toppressive.mov
0112101,R,T,oppressive,01/0112101/0112101R6Toppressive.mov
0112101,P,T,oppressive,01/0112101/0112101P4Toppressive.mov
0112101,S,V,oppressive,01/0112101/0112101S6Voppressive.mov
0112101,P,T,oppressive,01/0112101/0112101P5Toppressive.mov
0200102,S,V,anguished,02/0200102/0200102S5Vanguished.mov
0200102,P,T,anguished,02/0200102/0200102P4Tanguished.mov
0200102,P,T,anguished,02/0200102/0200102P5Tanguished.mov
0200102,P,T,anguished,02/0200102/0200102P6Tanguished.mov
0200102,R,T,anguished,02/0200102/0200102R6Tanguished.mov
0200102,S,V,anguished,02/0200102/0200102S4Vanguished.mov
0200102,U,T,anguished,02/0200102/0200102U5Tanguished.mov
0200102,Z,T,anguished,02/0200102/0200102Z5Tanguished.mov
0200415,Z,T,sad,02/0200415/0200415Z6Tsad.mov
0200415,U,T,sad,02/0200415/0200415U2Tsad.mov
0200415,S,V,sad,02/0200415/0200415S1Vsad.mov
0200415,P,T,sad,02/0200415/0200415P5Tsad.mov
0200415,U,T,sad,02/0200415/0200415U1Tsad.mov
0200415,P,T,sad,02/0200415/0200415P4Tsad.mov
0200415,S,V,sad,02/0200415/0200415S6Vsad.mov
0200415,A,T,sad,02/0200415/0200415A5Tsad.mov
0200502,U,T,disappointed,02/0200502/0200502U2Tdisappointed.mov
0200502,P,T,disappointed,02/0200502/0200502P6Tdisappointed.mov
0200502,P,T,disappointed,02/0200502/0200502P3Tdisappointed.mov
0200502,S,V,disappointed,02/0200502/0200502S1Vdisappointed.mov
0200502,Z,T,disappointed,02/0200502/0200502Z6Tdisappointed.mov
0200502,U,T,disappointed,02/0200502/0200502U1Tdisappointed.mov
0200502,U,T,disappointed,02/0200502/0200502U5Tdisappointed.mov
0200602,U,T,lonely,02/0200602/0200602U2Tlonely.mov
0200602,P,T,lonely,02/0200602/0200602P5Tlonely.mov
0200602,S,V,lonely,02/0200602/0200602S3Vlonely.mov
0200602,P,T,lonely,02/0200602/0200602P3Tlonely.mov
0200602,U,T,lonely,02/0200602/0200602U6Tlonely.mov
0200602,Z,T,lonely,02/0200602/0200602Z6Tlonely.mov
0200602,U,T,lonely,02/0200602/0200602U1Tlonely.mov
0200701,Z,T,despairing,02/0200701/0200701Z5Tdespairing.mov
0200701,U,T,despairing,02/0200701/0200701U6Tdespairing.mov
0200701,R,T,despairing,02/0200701/0200701R6Tdespairing.mov
0200701,S,V,despairing,02/0200701/0200701S2Vdespairing.mov
0200701,P,T,despairing,02/0200701/0200701P6Tdespairing.mov
0200701,P,T,despairing,02/0200701/0200701P4Tdespairing.mov
0200701,P,T,despairing,02/0200701/0200701P5Tdespairing.mov
0200801,S,V,devastated,02/0200801/0200801S4Vdevastated.mov
0200801,P,T,devastated,02/0200801/0200801P6Tdevastated.mov
0200801,S,V,devastated,02/0200801/0200801S5Vdevastated.mov
0200801,P,T,devastated,02/0200801/0200801P3Tdevastated.mov
0200801,R,T,devastated,02/0200801/0200801R6Tdevastated.mov
0200801,U,T,devastated,02/0200801/0200801U6Tdevastated.mov
0200801,Z,T,devastated,02/0200801/0200801Z6Tdevastated.mov
0201001,P,T,discouraged,02/0201001/0201001P5Tdiscouraged.mov
0201001,S,V,discouraged,02/0201001/0201001S6Vdiscouraged.mov
0201001,R,T,discouraged,02/0201001/0201001R6Tdiscouraged.mov
0201001,P,T,discouraged,02/0201001/0201001P3Tdiscouraged.mov
0201001,A,T,discouraged,02/0201001/0201001A5Tdiscouraged.mov
0201001,S,V,discouraged,02/0201001/0201001S5Vdiscouraged.mov
0201001,P,T,discouraged,02/0201001/0201001P6Tdiscouraged.mov
0201001,Z,T,discouraged,02/0201001/0201001Z6Tdiscouraged.mov
0201102,S,V,disillusioned,02/0201102/0201102S4Vdisillusioned.mov
0201102,Z,T,disillusioned,02/0201102/0201102Z5Tdisillusioned.mov
0201102,S,V,disillusioned,02/0201102/0201102S1Vdisillusioned.mov
0201102,U,T,disillusioned,02/0201102/0201102U6Tdisillusioned.mov
0201102,P,T,disillusioned,02/0201102/0201102P4Tdisillusioned.mov
0201102,P,T,disillusioned,02/0201102/0201102P5Tdisillusioned.mov
0201102,P,T,disillusioned,02/0201102/0201102P6Tdisillusioned.mov
0201102,U,T,disillusioned,02/0201102/0201102U5Tdisillusioned.mov
0201301,Z,T,distraught,02/0201301/0201301Z5Tdistraught.mov
0201301,A,T,distraught,02/0201301/0201301A6Tdistraught.mov
0201301,A,T,distraught,02/0201301/0201301A5Tdistraught.mov
0201301,R,T,distraught,02/0201301/0201301R6Tdistraught.mov
0201301,P,T,distraught,02/0201301/0201301P6Tdistraught.mov
0201301,S,V,distraught,02/0201301/0201301S4Vdistraught.mov
0201301,P,T,distraught,02/0201301/0201301P5Tdistraught.mov
0201402,P,T,upset,02/0201402/0201402P6Tupset.mov
0201402,U,T,upset,02/0201402/0201402U1Tupset.mov
0201402,R,T,upset,02/0201402/0201402R6Tupset.mov
0201402,U,T,upset,02/0201402/0201402U2Tupset.mov
0201402,Z,T,upset,02/0201402/0201402Z5Tupset.mov
0201402,P,T,upset,02/0201402/0201402P3Tupset.mov
0201502,P,T,gloomy,02/0201502/0201502P5Tgloomy.mov
0201502,U,T,gloomy,02/0201502/0201502U5Tgloomy.mov
0201502,R,T,gloomy,02/0201502/0201502R6Tgloomy.mov
0201502,S,V,gloomy,02/0201502/0201502S3Vgloomy.mov
0201502,U,T,gloomy,02/0201502/0201502U6Tgloomy.mov
0201502,P,T,gloomy,02/0201502/0201502P3Tgloomy.mov
0201502,Z,T,gloomy,02/0201502/0201502Z6Tgloomy.mov
0201602,P,T,empty,02/0201602/0201602P5Tempty.mov
0201602,Z,T,empty,02/0201602/0201602Z5Tempty.mov
0201602,U,T,empty,02/0201602/0201602U2Tempty.mov
0201602,R,T,empty,02/0201602/0201602R6Tempty.mov
0201602,U,T,empty,02/0201602/0201602U1Tempty.mov
0201602,S,V,empty,02/0201602/0201602S6Vempty.mov
0201602,U,T,empty,02/0201602/0201602U6Tempty.mov
0201802,U,T,tired,02/0201802/0201802U1Ttired.mov
0201802,U,T,tired,02/0201802/0201802U6Ttired.mov
0201802,P,T,tired,02/0201802/0201802P6Ttired.mov
0201802,U,T,tired,02/0201802/0201802U5Ttired.mov
0201802,Z,T,tired,02/0201802/0201802Z5Ttired.mov
0201802,U,T,tired,02/0201802/0201802U2Ttired.mov
0201802,S,V,tired,02/0201802/0201802S5Vtired.mov
0201901,Z,T,grave,02/0201901/0201901Z6Tgrave.mov
0201901,R,T,grave,02/0201901/0201901R6Tgrave.mov
0201901,S,V,grave,02/0201901/0201901S6Vgrave.mov
0201901,S,V,grave,02/0201901/0201901S1Vgrave.mov
0201901,P,T,grave,02/0201901/0201901P6Tgrave.mov
0201901,P,T,grave,02/0201901/0201901P3Tgrave.mov
0201901,U,T,grave,02/0201901/0201901U5Tgrave.mov
0201901,P,T,grave,02/0201901/0201901P5Tgrave.mov
0202001,P,T,grieving,02/0202001/0202001P4Tgrieving.mov
0202001,P,T,grieving,02/0202001/0202001P5Tgrieving.mov
0202001,R,T,grieving,02/0202001/0202001R6Tgrieving.mov
0202001,Z,T,grieving,02/0202001/0202001Z5Tgrieving.mov
0202001,U,T,grieving,02/0202001/0202001U5Tgrieving.mov
0202001,S,V,grieving,02/0202001/0202001S2Vgrieving.mov
0202001,P,T,grieving,02/0202001/0202001P6Tgrieving.mov
0202001,S,V,grieving,02/0202001/0202001S3Vgrieving.mov
0202101,S,V,heartache,02/0202101/0202101S5Vheartache.mov
0202101,P,T,heartache,02/0202101/0202101P3Theartache.mov
0202101,P,T,heartache,02/0202101/0202101P6Theartache.mov
0202101,P,T,heartache,02/0202101/0202101P5Theartache.mov
0202101,U,T,heartache,02/0202101/0202101U5Theartache.mov
0202101,Z,T,heartache,02/0202101/0202101Z6Theartache.mov
0202101,R,T,heartache,02/0202101/0202101R6Theartache.mov
0202201,P,T,heartbroken,02/0202201/0202201P6Theartbroken.mov
0202201,S,V,heartbroken,02/0202201/0202201S4Vheartbroken.mov
0202201,P,T,heartbroken,02/0202201/0202201P5Theartbroken.mov
0202201,R,T,heartbroken,02/0202201/0202201R6Theartbroken.mov
0202201,Z,T,heartbroken,02/0202201/0202201Z5Theartbroken.mov
0202201,P,T,heartbroken,02/0202201/0202201P4Theartbroken.mov
0202201,U,T,heartbroken,02/0202201/0202201U5Theartbroken.mov
0202301,Z,T,homesick,02/0202301/0202301Z6Thomesick.mov
0202301,U,T,homesick,02/0202301/0202301U5Thomesick.mov
0202301,S,V,homesick,02/0202301/0202301S5Vhomesick.mov
0202301,P,T,homesick,02/0202301/0202301P6Thomesick.mov
0202301,P,T,homesick,02/0202301/0202301P3Thomesick.mov
0202301,P,T,homesick,02/0202301/0202301P5Thomesick.mov
0202301,R,T,homesick,02/0202301/0202301R6Thomesick.mov
0202401,S,V,hysterical,02/0202401/0202401S4Vhysterical.mov
0202401,P,T,hysterical,02/0202401/0202401P6Thysterical.mov
0202401,P,T,hysterical,02/0202401/0202401P5Thysterical.mov
0202401,P,T,hysterical,02/0202401/0202401P4Thysterical.mov
0202401,Z,T,hysterical,02/0202401/0202401Z5Thysterical.mov
0202401,U,T,hysterical,02/0202401/0202401U5Thysterical.mov
0202401,R,T,hysterical,02/0202401/0202401R6Thysterical.mov
0202502,P,T,tearful,02/0202502/0202502P5Ttearful.mov
0202502,Z,T,tearful,02/0202502/0202502Z6Ttearful.mov
0202502,U,T,tearful,02/0202502/0202502U2Ttearful.mov
0202502,U,T,tearful,02/0202502/0202502U1Ttearful.mov
0202502,S,V,tearful,02/0202502/0202502S2Vtearful.mov
0202502,P,T,tearful,02/0202502/0202502P4Ttearful.mov
0202502,U,T,tearful,02/0202502/0202502U5Ttearful.mov
0202901,S,V,pining,02/0202901/0202901S2Vpining.mov
0202901,P,T,pining,02/0202901/0202901P4Tpining.mov
0202901,P,T,pining,02/0202901/0202901P6Tpining.mov
0202901,P,T,pining,02/0202901/0202901P5Tpining.mov
0202901,A,T,pining,02/0202901/0202901A6Tpining.mov
0202901,U,T,pining,02/0202901/0202901U5Tpining.mov
0202901,S,V,pining,02/0202901/0202901S1Vpining.mov
0202901,Z,T,pining,02/0202901/0202901Z5Tpining.mov
0203201,S,V,resigned,02/0203201/0203201S1Vresigned.mov
0203201,U,T,resigned,02/0203201/0203201U6Tresigned.mov
0203201,P,T,resigned,02/0203201/0203201P3Tresigned.mov
0203201,P,T,resigned,02/0203201/0203201P5Tresigned.mov
0203201,Z,T,resigned,02/0203201/0203201Z6Tresigned.mov
0203201,U,T,resigned,02/0203201/0203201U5Tresigned.mov
0203201,P,T,resigned,02/0203201/0203201P6Tresigned.mov
0203501,S,V,subdued,02/0203501/0203501S1Vsubdued.mov
0203501,P,T,subdued,02/0203501/0203501P5Tsubdued.mov
0203501,Z,T,subdued,02/0203501/0203501Z5Tsubdued.mov
0203501,P,T,subdued,02/0203501/0203501P6Tsubdued.mov
0203501,S,V,subdued,02/0203501/0203501S2Vsubdued.mov
0203501,P,T,subdued,02/0203501/0203501P4Tsubdued.mov
0203501,U,T,subdued,02/0203501/0203501U6Tsubdued.mov
0203501,U,T,subdued,02/0203501/0203501U5Tsubdued.mov
0203801,Z,T,troubled,02/0203801/0203801Z5Ttroubled.mov
0203801,P,T,troubled,02/0203801/0203801P5Ttroubled.mov
0203801,U,T,troubled,02/0203801/0203801U6Ttroubled.mov
0203801,P,T,troubled,02/0203801/0203801P4Ttroubled.mov
0203801,P,T,troubled,02/0203801/0203801P6Ttroubled.mov
0203801,S,V,troubled,02/0203801/0203801S3Vtroubled.mov
0203801,U,T,troubled,02/0203801/0203801U5Ttroubled.mov
0203801,S,V,troubled,02/0203801/0203801S2Vtroubled.mov
0204002,U,T,overwrought,02/0204002/0204002U6Toverwrought.mov
0204002,S,V,overwrought,02/0204002/0204002S4Voverwrought.mov
0204002,P,T,overwrought,02/0204002/0204002P6Toverwrought.mov
0204002,A,T,overwrought,02/0204002/0204002A5Toverwrought.mov
0204002,R,T,overwrought,02/0204002/0204002R6Toverwrought.mov
0204002,P,T,overwrought,02/0204002/0204002P5Toverwrought.mov
0204101,A,T,turmoil,02/0204101/0204101A5Tturmoil.mov
0204101,U,T,turmoil,02/0204101/0204101U6Tturmoil.mov
0204101,R,T,turmoil,02/0204101/0204101R6Tturmoil.mov
0204101,S,V,turmoil,02/0204101/0204101S5Vturmoil.mov
0204101,S,V,turmoil,02/0204101/0204101S6Vturmoil.mov
0204101,Z,T,turmoil,02/0204101/0204101Z5Tturmoil.mov
0204101,P,T,turmoil,02/0204101/0204101P6Tturmoil.mov
0204301,S,V,agonizing,02/0204301/0204301S1Vagonizing.mov
0204301,P,T,agonizing,02/0204301/0204301P5Tagonizing.mov
0204301,P,T,agonizing,02/0204301/0204301P6Tagonizing.mov
0204301,U,T,agonizing,02/0204301/0204301U6Tagonizing.mov
0204301,R,T,agonizing,02/0204301/0204301R6Tagonizing.mov
0204301,U,T,agonizing,02/0204301/0204301U5Tagonizing.mov
0204401,P,T,condemned,02/0204401/0204401P6Tcondemned.mov
0204401,P,T,condemned,02/0204401/0204401P5Tcondemned.mov
0204401,S,V,condemned,02/0204401/0204401S3Vcondemned.mov
0204401,Z,T,condemned,02/0204401/0204401Z5Tcondemned.mov
0204401,R,T,condemned,02/0204401/0204401R6Tcondemned.mov
0204401,U,T,condemned,02/0204401/0204401U6Tcondemned.mov
0204401,S,V,condemned,02/0204401/0204401S2Vcondemned.mov
0204401,P,T,condemned,02/0204401/0204401P4Tcondemned.mov
0204501,R,T,tormented,02/0204501/0204501R6Ttormented.mov
0204501,U,T,tormented,02/0204501/0204501U6Ttormented.mov
0204501,U,T,tormented,02/0204501/0204501U5Ttormented.mov
0204501,Z,T,tormented,02/0204501/0204501Z5Ttormented.mov
0204501,P,T,tormented,02/0204501/0204501P5Ttormented.mov
0204501,P,T,tormented,02/0204501/0204501P6Ttormented.mov
0204501,S,V,tormented,02/0204501/0204501S5Vtormented.mov
0204601,A,T,maudlin,02/0204601/0204601A6Tmaudlin.mov
0204601,U,T,maudlin,02/0204601/0204601U5Tmaudlin.mov
0204601,W,T,maudlin,02/0204601/0204601W6Tmaudlin.mov
0204601,P,T,maudlin,02/0204601/0204601P6Tmaudlin.mov
0204601,S,V,maudlin,02/0204601/0204601S1Vmaudlin.mov
0204601,W,T,maudlin,02/0204601/0204601W5Tmaudlin.mov
0204702,U,T,lost,02/0204702/0204702U2Tlost.mov
0204702,P,T,lost,02/0204702/0204702P6Tlost.mov
0204702,R,T,lost,02/0204702/0204702R6Tlost.mov
0204702,U,T,lost,02/0204702/0204702U1Tlost.mov
0204702,P,T,lost,02/0204702/0204702P3Tlost.mov
0204702,Z,T,lost,02/0204702/0204702Z5Tlost.mov
0204702,S,V,lost,02/0204702/0204702S1Vlost.mov
0204804,S,V,weak,02/0204804/0204804S6Vweak.mov
0204804,U,T,weak,02/0204804/0204804U6Tweak.mov
0204804,S,V,weak,02/0204804/0204804S1Vweak.mov
0204804,U,T,weak,02/0204804/0204804U2Tweak.mov
0204804,P,T,weak,02/0204804/0204804P6Tweak.mov
0204804,A,T,weak,02/0204804/0204804A5Tweak.mov
0204804,U,T,weak,02/0204804/0204804U5Tweak.mov
0204904,P,T,withdrawn,02/0204904/0204904P5Twithdrawn.mov
0204904,P,T,withdrawn,02/0204904/0204904P6Twithdrawn.mov
0204904,R,T,withdrawn,02/0204904/0204904R6Twithdrawn.mov
0204904,U,T,withdrawn,02/0204904/0204904U6Twithdrawn.mov
0204904,U,T,withdrawn,02/0204904/0204904U5Twithdrawn.mov
0204904,Z,T,withdrawn,02/0204904/0204904Z5Twithdrawn.mov
0204904,S,V,withdrawn,02/0204904/0204904S2Vwithdrawn.mov
0205001,A,T,dismayed,02/0205001/0205001A6Tdismayed.mov
0205001,U,T,dismayed,02/0205001/0205001U5Tdismayed.mov
0205001,Z,T,dismayed,02/0205001/0205001Z6Tdismayed.mov
0205001,P,T,dismayed,02/0205001/0205001P5Tdismayed.mov
0205001,R,T,dismayed,02/0205001/0205001R6Tdismayed.mov
0205001,P,T,dismayed,02/0205001/0205001P3Tdismayed.mov
0205001,S,V,dismayed,02/0205001/0205001S6Vdismayed.mov
0205001,S,V,dismayed,02/0205001/0205001S1Vdismayed.mov
0300201,Z,T,amused,03/0300201/0300201Z6Tamused.mov
0300201,S,V,amused,03/0300201/0300201S2Vamused.mov
0300201,U,T,amused,03/0300201/0300201U1Tamused.mov
0300201,U,T,amused,03/0300201/0300201U6Tamused.mov
0300201,P,T,amused,03/0300201/0300201P3Tamused.mov
0300201,S,V,amused,03/0300201/0300201S5Vamused.mov
0300201,P,T,amused,03/0300201/0300201P5Tamused.mov
0300201,U,T,amused,03/0300201/0300201U2Tamused.mov
0300503,U,T,lucky,03/0300503/0300503U2Tlucky.mov
0300503,Z,T,lucky,03/0300503/0300503Z5Tlucky.mov
0300503,P,T,lucky,03/0300503/0300503P6Tlucky.mov
0300503,U,T,lucky,03/0300503/0300503U6Tlucky.mov
0300503,R,T,lucky,03/0300503/0300503R6Tlucky.mov
0300503,U,T,lucky,03/0300503/0300503U1Tlucky.mov
0300606,P,T,overjoyed,03/0300606/0300606P5Toverjoyed.mov
0300606,U,T,overjoyed,03/0300606/0300606U1Toverjoyed.mov
0300606,Z,T,overjoyed,03/0300606/0300606Z5Toverjoyed.mov
0300606,R,T,overjoyed,03/0300606/0300606R6Toverjoyed.mov
0300606,A,T,overjoyed,03/0300606/0300606A6Toverjoyed.mov
0300606,S,V,overjoyed,03/0300606/0300606S6Voverjoyed.mov
0300606,P,T,overjoyed,03/0300606/0300606P4Toverjoyed.mov
0300702,Z,T,carefree,03/0300702/0300702Z6Tcarefree.mov
0300702,S,V,carefree,03/0300702/0300702S4Vcarefree.mov
0300702,S,V,carefree,03/0300702/0300702S3Vcarefree.mov
0300702,P,T,carefree,03/0300702/0300702P6Tcarefree.mov
0300702,U,T,carefree,03/0300702/0300702U5Tcarefree.mov
0300702,P,T,carefree,03/0300702/0300702P5Tcarefree.mov
0300702,P,T,carefree,03/0300702/0300702P3Tcarefree.mov
0300702,U,T,carefree,03/0300702/0300702U6Tcarefree.mov
0300901,U,T,calm,03/0300901/0300901U6Tcalm.mov
0300901,S,V,calm,03/0300901/0300901S1Vcalm.mov
0300901,Z,T,calm,03/0300901/0300901Z5Tcalm.mov
0300901,U,T,calm,03/0300901/0300901U5Tcalm.mov
0300901,U,T,calm,03/0300901/0300901U2Tcalm.mov
0300901,P,T,calm,03/0300901/0300901P6Tcalm.mov
0300901,A,T,calm,03/0300901/0300901A5Tcalm.mov
0301201,U,T,cheered,03/0301201/0301201U1Tcheered.mov
0301201,U,T,cheered,03/0301201/0301201U2Tcheered.mov
0301201,P,T,cheered,03/0301201/0301201P5Tcheered.mov
0301201,Z,T,cheered,03/0301201/0301201Z6Tcheered.mov
0301201,S,V,cheered,03/0301201/0301201S1Vcheered.mov
0301201,U,T,cheered,03/0301201/0301201U5Tcheered.mov
0301201,P,T,cheered,03/0301201/0301201P4Tcheered.mov
0301307,Z,T,merry,03/0301307/0301307Z6Tmerry.mov
0301307,S,V,merry,03/0301307/0301307S6Vmerry.mov
0301307,U,T,merry,03/0301307/0301307U1Tmerry.mov
0301307,U,T,merry,03/0301307/0301307U6Tmerry.mov
0301307,P,T,merry,03/0301307/0301307P6Tmerry.mov
0301307,U,T,merry,03/0301307/0301307U5Tmerry.mov
0301307,S,V,merry,03/0301307/0301307S3Vmerry.mov
0301307,U,T,merry,03/0301307/0301307U2Tmerry.mov
0301501,Z,T,comfortable,03/0301501/0301501Z6Tcomfortable.mov
0301501,U,T,comfortable,03/0301501/0301501U1Tcomfortable.mov
0301501,P,T,comfortable,03/0301501/0301501P3Tcomfortable.mov
0301501,U,T,comfortable,03/0301501/0301501U2Tcomfortable.mov
0301501,P,T,comfortable,03/0301501/0301501P5Tcomfortable.mov
0301501,S,V,comfortable,03/0301501/0301501S6Vcomfortable.mov
0301501,S,V,comfortable,03/0301501/0301501S1Vcomfortable.mov
0301501,R,T,comfortable,03/0301501/0301501R6Tcomfortable.mov
0301601,A,T,content,03/0301601/0301601A5Tcontent.mov
0301601,P,T,content,03/0301601/0301601P4Tcontent.mov
0301601,S,V,content,03/0301601/0301601S5Vcontent.mov
0301601,U,T,content,03/0301601/0301601U6Tcontent.mov
0301601,S,V,content,03/0301601/0301601S4Vcontent.mov
0301601,P,T,content,03/0301601/0301601P5Tcontent.mov
0301601,P,T,content,03/0301601/0301601P6Tcontent.mov
0301701,P,T,delighted,03/0301701/0301701P3Tdelighted.mov
0301701,A,T,delighted,03/0301701/0301701A6Tdelighted.mov
0301701,S,V,delighted,03/0301701/0301701S2Vdelighted.mov
0301701,Z,T,delighted,03/0301701/0301701Z5Tdelighted.mov
0301701,U,T,delighted,03/0301701/0301701U1Tdelighted.mov
0301701,U,T,delighted,03/0301701/0301701U2Tdelighted.mov
0301701,P,T,delighted,03/0301701/0301701P6Tdelighted.mov
0301801,A,T,easy-going,03/0301801/0301801A5Teasy-going.mov
0301801,Z,T,easy-going,03/0301801/0301801Z6Teasy-going.mov
0301801,A,T,easy-going,03/0301801/0301801A6Teasy-going.mov
0301801,P,T,easy-going,03/0301801/0301801P5Teasy-going.mov
0301801,P,T,easy-going,03/0301801/0301801P3Teasy-going.mov
0301801,S,V,easy-going,03/0301801/0301801S4Veasy-going.mov
0301801,P,T,easy-going,03/0301801/0301801P6Teasy-going.mov
0301801,S,V,easy-going,03/0301801/0301801S5Veasy-going.mov
0301901,Z,T,enjoying,03/0301901/0301901Z5Tenjoying.mov
0301901,P,T,enjoying,03/0301901/0301901P4Tenjoying.mov
0301901,U,T,enjoying,03/0301901/0301901U1Tenjoying.mov
0301901,S,V,enjoying,03/0301901/0301901S6Venjoying.mov
0301901,P,T,enjoying,03/0301901/0301901P5Tenjoying.mov
0301901,R,T,enjoying,03/0301901/0301901R6Tenjoying.mov
0301901,U,T,enjoying,03/0301901/0301901U2Tenjoying.mov
0302201,U,T,fine,03/0302201/0302201U5Tfine.mov
0302201,P,T,fine,03/0302201/0302201P6Tfine.mov
0302201,U,T,fine,03/0302201/0302201U2Tfine.mov
0302201,Z,T,fine,03/0302201/0302201Z5Tfine.mov
0302201,S,V,fine,03/0302201/0302201S1Vfine.mov
0302201,U,T,fine,03/0302201/0302201U6Tfine.mov
0302201,U,T,fine,03/0302201/0302201U1Tfine.mov
0302401,Z,T,glad,03/0302401/0302401Z6Tglad.mov
0302401,S,V,glad,03/0302401/0302401S3Vglad.mov
0302401,U,T,glad,03/0302401/0302401U5Tglad.mov
0302401,U,T,glad,03/0302401/0302401U2Tglad.mov
0302401,P,T,glad,03/0302401/0302401P5Tglad.mov
0302401,P,T,glad,03/0302401/0302401P4Tglad.mov
0302401,U,T,glad,03/0302401/0302401U1Tglad.mov
0302501,A,T,grateful,03/0302501/0302501A5Tgrateful.mov
0302501,U,T,grateful,03/0302501/0302501U6Tgrateful.mov
0302501,U,T,grateful,03/0302501/0302501U1Tgrateful.mov
0302501,P,T,grateful,03/0302501/0302501P6Tgrateful.mov
0302501,U,T,grateful,03/0302501/0302501U2Tgrateful.mov
0302501,S,V,grateful,03/0302501/0302501S2Vgrateful.mov
0302501,Z,T,grateful,03/0302501/0302501Z6Tgrateful.mov
0302701,S,V,happy,03/0302701/0302701S1Vhappy.mov
0302701,Z,T,happy,03/0302701/0302701Z6Thappy.mov
0302701,U,T,happy,03/0302701/0302701U1Thappy.mov
0302701,R,T,happy,03/0302701/0302701R6Thappy.mov
0302701,U,T,happy,03/0302701/0302701U2Thappy.mov
0302701,P,T,happy,03/0302701/0302701P3Thappy.mov
0302701,P,T,happy,03/0302701/0302701P5Thappy.mov
0302901,P,T,joking,03/0302901/0302901P5Tjoking.mov
0302901,R,T,joking,03/0302901/0302901R6Tjoking.mov
0302901,U,T,joking,03/0302901/0302901U2Tjoking.mov
0302901,Z,T,joking,03/0302901/0302901Z5Tjoking.mov
0302901,U,T,joking,03/0302901/0302901U1Tjoking.mov
0302901,P,T,joking,03/0302901/0302901P4Tjoking.mov
0302901,S,V,joking,03/0302901/0302901S5Vjoking.mov
0303002,U,T,pleasure,03/0303002/0303002U1Tpleasure.mov
0303002,P,T,pleasure,03/0303002/0303002P3Tpleasure.mov
0303002,U,T,pleasure,03/0303002/0303002U6Tpleasure.mov
0303002,R,T,pleasure,03/0303002/0303002R6Tpleasure.mov
0303002,U,T,pleasure,03/0303002/0303002U2Tpleasure.mov
0303002,Z,T,pleasure,03/0303002/0303002Z6Tpleasure.mov
0303101,P,T,jubilant,03/0303101/0303101P5Tjubilant.mov
0303101,R,T,jubilant,03/0303101/0303101R6Tjubilant.mov
0303101,P,T,jubilant,03/0303101/0303101P4Tjubilant.mov
0303101,Z,T,jubilant,03/0303101/0303101Z5Tjubilant.mov
0303101,P,T,jubilant,03/0303101/0303101P6Tjubilant.mov
0303101,S,V,jubilant,03/0303101/0303101S4Vjubilant.mov
0303101,U,T,jubilant,03/0303101/0303101U5Tjubilant.mov
0303101,S,V,jubilant,03/0303101/0303101S5Vjubilant.mov
0303202,A,T,relaxed,03/0303202/0303202A5Trelaxed.mov
0303202,P,T,relaxed,03/0303202/0303202P4Trelaxed.mov
0303202,P,T,relaxed,03/0303202/0303202P5Trelaxed.mov
0303202,Z,T,relaxed,03/0303202/0303202Z6Trelaxed.mov
0303202,S,V,relaxed,03/0303202/0303202S1Vrelaxed.mov
0303202,U,T,relaxed,03/0303202/0303202U2Trelaxed.mov
0303202,U,T,relaxed,03/0303202/0303202U1Trelaxed.mov
0303302,P,T,unconcerned,03/0303302/0303302P6Tunconcerned.mov
0303302,Z,T,unconcerned,03/0303302/0303302Z6Tunconcerned.mov
0303302,R,T,unconcerned,03/0303302/0303302R6Tunconcerned.mov
0303302,S,V,unconcerned,03/0303302/0303302S1Vunconcerned.mov
0303302,S,V,unconcerned,03/0303302/0303302S6Vunconcerned.mov
0303302,P,T,unconcerned,03/0303302/0303302P5Tunconcerned.mov
0303302,A,T,unconcerned,03/0303302/0303302A5Tunconcerned.mov
0303302,P,T,unconcerned,03/0303302/0303302P3Tunconcerned.mov
0304001,U,T,relieved,03/0304001/0304001U5Trelieved.mov
0304001,P,T,relieved,03/0304001/0304001P6Trelieved.mov
0304001,P,T,relieved,03/0304001/0304001P4Trelieved.mov
0304001,R,T,relieved,03/0304001/0304001R6Trelieved.mov
0304001,P,T,relieved,03/0304001/0304001P5Trelieved.mov
0304001,Z,T,relieved,03/0304001/0304001Z5Trelieved.mov
0304201,S,V,safe,03/0304201/0304201S3Vsafe.mov
0304201,P,T,safe,03/0304201/0304201P6Tsafe.mov
0304201,P,T,safe,03/0304201/0304201P3Tsafe.mov
0304201,Z,T,safe,03/0304201/0304201Z5Tsafe.mov
0304201,U,T,safe,03/0304201/0304201U6Tsafe.mov
0304201,U,T,safe,03/0304201/0304201U1Tsafe.mov
0304201,A,T,safe,03/0304201/0304201A6Tsafe.mov
0304701,P,T,triumphant,03/0304701/0304701P6Ttriumphant.mov
0304701,P,T,triumphant,03/0304701/0304701P5Ttriumphant.mov
0304701,P,T,triumphant,03/0304701/0304701P4Ttriumphant.mov
0304701,Z,T,triumphant,03/0304701/0304701Z5Ttriumphant.mov
0304701,U,T,triumphant,03/0304701/0304701U5Ttriumphant.mov
0304701,R,T,triumphant,03/0304701/0304701R6Ttriumphant.mov
0305002,Z,T,casual,03/0305002/0305002Z6Tcasual.mov
0305002,P,T,casual,03/0305002/0305002P6Tcasual.mov
0305002,U,T,casual,03/0305002/0305002U6Tcasual.mov
0305002,U,T,casual,03/0305002/0305002U5Tcasual.mov
0305002,R,T,casual,03/0305002/0305002R6Tcasual.mov
0305002,S,V,casual,03/0305002/0305002S3Vcasual.mov
0305002,S,V,casual,03/0305002/0305002S6Vcasual.mov
0305002,P,T,casual,03/0305002/0305002P5Tcasual.mov
0305101,P,T,positive,03/0305101/0305101P5Tpositive.mov
0305101,R,T,positive,03/0305101/0305101R6Tpositive.mov
0305101,U,T,positive,03/0305101/0305101U1Tpositive.mov
0305101,P,T,positive,03/0305101/0305101P3Tpositive.mov
0305101,S,V,positive,03/0305101/0305101S1Vpositive.mov
0305101,U,T,positive,03/0305101/0305101U2Tpositive.mov
0305101,S,V,positive,03/0305101/0305101S2Vpositive.mov
0305101,Z,T,positive,03/0305101/0305101Z6Tpositive.mov
0305201,P,T,sociable,03/0305201/0305201P3Tsociable.mov
0305201,R,T,sociable,03/0305201/0305201R6Tsociable.mov
0305201,P,T,sociable,03/0305201/0305201P5Tsociable.mov
0305201,S,V,sociable,03/0305201/0305201S5Vsociable.mov
0305201,U,T,sociable,03/0305201/0305201U5Tsociable.mov
0305201,P,T,sociable,03/0305201/0305201P6Tsociable.mov
0305201,Z,T,sociable,03/0305201/0305201Z6Tsociable.mov
0305302,A,T,mischievous,03/0305302/0305302A5Tmischievous.mov
0305302,U,T,mischievous,03/0305302/0305302U5Tmischievous.mov
0305302,P,T,mischievous,03/0305302/0305302P5Tmischievous.mov
0305302,S,V,mischievous,03/0305302/0305302S1Vmischievous.mov
0305302,U,T,mischievous,03/0305302/0305302U6Tmischievous.mov
0305302,A,T,mischievous,03/0305302/0305302A6Tmischievous.mov
0305302,S,V,mischievous,03/0305302/0305302S4Vmischievous.mov
0305302,P,T,mischievous,03/0305302/0305302P6Tmischievous.mov
0305402,U,T,playful,03/0305402/0305402U5Tplayful.mov
0305402,S,V,playful,03/0305402/0305402S6Vplayful.mov
0305402,Z,T,playful,03/0305402/0305402Z6Tplayful.mov
0305402,U,T,playful,03/0305402/0305402U2Tplayful.mov
0305402,U,T,playful,03/0305402/0305402U1Tplayful.mov
0305402,P,T,playful,03/0305402/0305402P6Tplayful.mov
0305402,P,T,playful,03/0305402/0305402P3Tplayful.mov
0305501,A,T,cheeky,03/0305501/0305501A5Tcheeky.mov
0305501,P,T,cheeky,03/0305501/0305501P6Tcheeky.mov
0305501,S,V,cheeky,03/0305501/0305501S5Vcheeky.mov
0305501,U,T,cheeky,03/0305501/0305501U6Tcheeky.mov
0305501,Z,T,cheeky,03/0305501/0305501Z5Tcheeky.mov
0305501,R,T,cheeky,03/0305501/0305501R6Tcheeky.mov
0305501,P,T,cheeky,03/0305501/0305501P5Tcheeky.mov
0305601,U,T,proud,03/0305601/0305601U2Tproud.mov
0305601,S,V,proud,03/0305601/0305601S4Vproud.mov
0305601,P,T,proud,03/0305601/0305601P3Tproud.mov
0305601,U,T,proud,03/0305601/0305601U6Tproud.mov
0305601,U,T,proud,03/0305601/0305601U1Tproud.mov
0305601,Z,T,proud,03/0305601/0305601Z6Tproud.mov
0305701,A,T,teasing,03/0305701/0305701A6Tteasing.mov
0305701,S,V,teasing,03/0305701/0305701S6Vteasing.mov
0305701,U,T,teasing,03/0305701/0305701U5Tteasing.mov
0305701,U,T,teasing,03/0305701/0305701U6Tteasing.mov
0305701,P,T,teasing,03/0305701/0305701P4Tteasing.mov
0305701,Z,T,teasing,03/0305701/0305701Z5Tteasing.mov
0305701,U,T,teasing,03/0305701/0305701U1Tteasing.mov
0305802,S,V,exonerated,03/0305802/0305802S4Vexonerated.mov
0305802,S,V,exonerated,03/0305802/0305802S5Vexonerated.mov
0305802,R,T,exonerated,03/0305802/0305802R6Texonerated.mov
0305802,U,T,exonerated,03/0305802/0305802U6Texonerated.mov
0305802,A,T,exonerated,03/0305802/0305802A6Texonerated.mov
0305802,Z,T,exonerated,03/0305802/0305802Z5Texonerated.mov
0305802,U,T,exonerated,03/0305802/0305802U5Texonerated.mov
0400102,Z,T,annoyed,04/0400102/0400102Z5Tannoyed.mov
0400102,U,T,annoyed,04/0400102/0400102U1Tannoyed.mov
0400102,U,T,annoyed,04/0400102/0400102U2Tannoyed.mov
0400102,P,T,annoyed,04/0400102/0400102P5Tannoyed.mov
0400102,P,T,annoyed,04/0400102/0400102P4Tannoyed.mov
0400102,R,T,annoyed,04/0400102/0400102R6Tannoyed.mov
0400102,S,V,annoyed,04/0400102/0400102S5Vannoyed.mov
0400201,U,T,angry,04/0400201/0400201U5Tangry.mov
0400201,P,T,angry,04/0400201/0400201P4Tangry.mov
0400201,U,T,angry,04/0400201/0400201U2Tangry.mov
0400201,Z,T,angry,04/0400201/0400201Z5Tangry.mov
0400201,U,T,angry,04/0400201/0400201U1Tangry.mov
0400201,P,T,angry,04/0400201/0400201P6Tangry.mov
0400501,Z,T,bitter,04/0400501/0400501Z5Tbitter.mov
0400501,P,T,bitter,04/0400501/0400501P5Tbitter.mov
0400501,U,T,bitter,04/0400501/0400501U5Tbitter.mov
0400501,R,T,bitter,04/0400501/0400501R6Tbitter.mov
0400501,S,V,bitter,04/0400501/0400501S3Vbitter.mov
0400501,P,T,bitter,04/0400501/0400501P6Tbitter.mov
0400501,P,T,bitter,04/0400501/0400501P4Tbitter.mov
0400601,Z,T,complaining,04/0400601/0400601Z6Tcomplaining.mov
0400601,S,V,complaining,04/0400601/0400601S3Vcomplaining.mov
0400601,U,T,complaining,04/0400601/0400601U1Tcomplaining.mov
0400601,P,T,complaining,04/0400601/0400601P6Tcomplaining.mov
0400601,A,T,complaining,04/0400601/0400601A5Tcomplaining.mov
0400601,P,T,complaining,04/0400601/0400601P3Tcomplaining.mov
0400601,U,T,complaining,04/0400601/0400601U2Tcomplaining.mov
0400706,S,V,grumpy,04/0400706/0400706S3Vgrumpy.mov
0400706,R,T,grumpy,04/0400706/0400706R6Tgrumpy.mov
0400706,P,T,grumpy,04/0400706/0400706P5Tgrumpy.mov
0400706,U,T,grumpy,04/0400706/0400706U2Tgrumpy.mov
0400706,U,T,grumpy,04/0400706/0400706U1Tgrumpy.mov
0400706,Z,T,grumpy,04/0400706/0400706Z6Tgrumpy.mov
0400706,S,V,grumpy,04/0400706/0400706S2Vgrumpy.mov
0400706,P,T,grumpy,04/0400706/0400706P3Tgrumpy.mov
0400901,Z,T,displeased,04/0400901/0400901Z5Tdispleased.mov
0400901,U,T,displeased,04/0400901/0400901U2Tdispleased.mov
0400901,U,T,displeased,04/0400901/0400901U6Tdispleased.mov
0400901,U,T,displeased,04/0400901/0400901U1Tdispleased.mov
0400901,R,T,displeased,04/0400901/0400901R6Tdispleased.mov
0400901,S,V,displeased,04/0400901/0400901S5Vdispleased.mov
0400901,P,T,displeased,04/0400901/0400901P5Tdispleased.mov
0401203,P,T,furious,04/0401203/0401203P4Tfurious.mov
0401203,A,T,furious,04/0401203/0401203A5Tfurious.mov
0401203,S,V,furious,04/0401203/0401203S5Vfurious.mov
0401203,U,T,furious,04/0401203/0401203U5Tfurious.mov
0401203,U,T,furious,04/0401203/0401203U2Tfurious.mov
0401203,Z,T,furious,04/0401203/0401203Z5Tfurious.mov
0401203,P,T,furious,04/0401203/0401203P6Tfurious.mov
0401301,P,T,exasperated,04/0401301/0401301P5Texasperated.mov
0401301,R,T,exasperated,04/0401301/0401301R6Texasperated.mov
0401301,P,T,exasperated,04/0401301/0401301P3Texasperated.mov
0401301,U,T,exasperated,04/0401301/0401301U5Texasperated.mov
0401301,S,V,exasperated,04/0401301/0401301S5Vexasperated.mov
0401301,P,T,exasperated,04/0401301/0401301P6Texasperated.mov
0401301,Z,T,exasperated,04/0401301/0401301Z6Texasperated.mov
0401401,Z,T,explosive,04/0401401/0401401Z5Texplosive.mov
0401401,S,V,explosive,04/0401401/0401401S3Vexplosive.mov
0401401,U,T,explosive,04/0401401/0401401U5Texplosive.mov
0401401,U,T,explosive,04/0401401/0401401U6Texplosive.mov
0401401,R,T,explosive,04/0401401/0401401R6Texplosive.mov
0401401,P,T,explosive,04/0401401/0401401P6Texplosive.mov
0401401,P,T,explosive,04/0401401/0401401P5Texplosive.mov
0401501,P,T,frustrated,04/0401501/0401501P3Tfrustrated.mov
0401501,S,V,frustrated,04/0401501/0401501S6Vfrustrated.mov
0401501,P,T,frustrated,04/0401501/0401501P5Tfrustrated.mov
0401501,S,V,frustrated,04/0401501/0401501S5Vfrustrated.mov
0401501,P,T,frustrated,04/0401501/0401501P6Tfrustrated.mov
0401501,Z,T,frustrated,04/0401501/0401501Z6Tfrustrated.mov
0401501,R,T,frustrated,04/0401501/0401501R6Tfrustrated.mov
0401501,U,T,frustrated,04/0401501/0401501U5Tfrustrated.mov
0401601,P,T,heated,04/0401601/0401601P5Theated.mov
0401601,U,T,heated,04/0401601/0401601U5Theated.mov
0401601,Z,T,heated,04/0401601/0401601Z5Theated.mov
0401601,P,T,heated,04/0401601/0401601P4Theated.mov
0401601,S,V,heated,04/0401601/0401601S5Vheated.mov
0401601,P,T,heated,04/0401601/0401601P6Theated.mov
0401601,A,T,heated,04/0401601/0401601A5Theated.mov
0401701,P,T,indignant,04/0401701/0401701P5Tindignant.mov
0401701,P,T,indignant,04/0401701/0401701P6Tindignant.mov
0401701,R,T,indignant,04/0401701/0401701R6Tindignant.mov
0401701,Z,T,indignant,04/0401701/0401701Z6Tindignant.mov
0401701,A,T,indignant,04/0401701/0401701A5Tindignant.mov
0401701,S,V,indignant,04/0401701/0401701S1Vindignant.mov
0401701,P,T,indignant,04/0401701/0401701P3Tindignant.mov
0401801,P,T,infuriated,04/0401801/0401801P5Tinfuriated.mov
0401801,S,V,infuriated,04/0401801/0401801S6Vinfuriated.mov
0401801,S,V,infuriated,04/0401801/0401801S5Vinfuriated.mov
0401801,R,T,infuriated,04/0401801/0401801R6Tinfuriated.mov
0401801,U,T,infuriated,04/0401801/0401801U6Tinfuriated.mov
0401801,U,T,infuriated,04/0401801/0401801U5Tinfuriated.mov
0401801,Z,T,infuriated,04/0401801/0401801Z5Tinfuriated.mov
0401901,R,T,miffed,04/0401901/0401901R6Tmiffed.mov
0401901,U,T,miffed,04/0401901/0401901U5Tmiffed.mov
0401901,P,T,miffed,04/0401901/0401901P5Tmiffed.mov
0401901,P,T,miffed,04/0401901/0401901P6Tmiffed.mov
0401901,S,V,miffed,04/0401901/0401901S5Vmiffed.mov
0401901,P,T,miffed,04/0401901/0401901P3Tmiffed.mov
0401901,U,T,miffed,04/0401901/0401901U6Tmiffed.mov
0402001,Z,T,moody,04/0402001/0402001Z6Tmoody.mov
0402001,U,T,moody,04/0402001/0402001U1Tmoody.mov
0402001,P,T,moody,04/0402001/0402001P4Tmoody.mov
0402001,U,T,moody,04/0402001/0402001U2Tmoody.mov
0402001,A,T,moody,04/0402001/0402001A5Tmoody.mov
0402001,S,V,moody,04/0402001/0402001S2Vmoody.mov
0402001,P,T,moody,04/0402001/0402001P5Tmoody.mov
0402101,P,T,needled,04/0402101/0402101P5Tneedled.mov
0402101,Z,T,needled,04/0402101/0402101Z5Tneedled.mov
0402101,P,T,needled,04/0402101/0402101P6Tneedled.mov
0402101,U,T,needled,04/0402101/0402101U6Tneedled.mov
0402101,R,T,needled,04/0402101/0402101R6Tneedled.mov
0402101,U,T,needled,04/0402101/0402101U5Tneedled.mov
0402301,Z,T,wild,04/0402301/0402301Z6Twild.mov
0402301,S,V,wild,04/0402301/0402301S2Vwild.mov
0402301,U,T,wild,04/0402301/0402301U5Twild.mov
0402301,U,T,wild,04/0402301/0402301U2Twild.mov
0402301,P,T,wild,04/0402301/0402301P6Twild.mov
0402301,P,T,wild,04/0402301/0402301P3Twild.mov
0402301,U,T,wild,04/0402301/0402301U1Twild.mov
0402405,S,V,provoked,04/0402405/0402405S3Vprovoked.mov
0402405,P,T,provoked,04/0402405/0402405P6Tprovoked.mov
0402405,U,T,provoked,04/0402405/0402405U5Tprovoked.mov
0402405,Z,T,provoked,04/0402405/0402405Z6Tprovoked.mov
0402405,R,T,provoked,04/0402405/0402405R6Tprovoked.mov
0402405,P,T,provoked,04/0402405/0402405P5Tprovoked.mov
0402405,S,V,provoked,04/0402405/0402405S6Vprovoked.mov
0402405,U,T,provoked,04/0402405/0402405U6Tprovoked.mov
0402501,P,T,discontented,04/0402501/0402501P4Tdiscontented.mov
0402501,S,V,discontented,04/0402501/0402501S6Vdiscontented.mov
0402501,U,T,discontented,04/0402501/0402501U5Tdiscontented.mov
0402501,U,T,discontented,04/0402501/0402501U6Tdiscontented.mov
0402501,Z,T,discontented,04/0402501/0402501Z5Tdiscontented.mov
0402501,R,T,discontented,04/0402501/0402501R6Tdiscontented.mov
0402501,S,V,discontented,04/0402501/0402501S5Vdiscontented.mov
0402603,U,T,moaning,04/0402603/0402603U6Tmoaning.mov
0402603,U,T,moaning,04/0402603/0402603U5Tmoaning.mov
0402603,S,V,moaning,04/0402603/0402603S3Vmoaning.mov
0402603,U,T,moaning,04/0402603/0402603U2Tmoaning.mov
0402603,U,T,moaning,04/0402603/0402603U1Tmoaning.mov
0402603,P,T,moaning,04/0402603/0402603P6Tmoaning.mov
0402603,Z,T,moaning,04/0402603/0402603Z5Tmoaning.mov
0402603,S,V,moaning,04/0402603/0402603S2Vmoaning.mov
0500201,Z,T,arrogant,05/0500201/0500201Z6Tarrogant.mov
0500201,S,V,arrogant,05/0500201/0500201S5Varrogant.mov
0500201,U,T,arrogant,05/0500201/0500201U5Tarrogant.mov
0500201,P,T,arrogant,05/0500201/0500201P6Tarrogant.mov
0500201,S,V,arrogant,05/0500201/0500201S6Varrogant.mov
0500201,P,T,arrogant,05/0500201/0500201P3Tarrogant.mov
0500201,R,T,arrogant,05/0500201/0500201R6Tarrogant.mov
0500201,P,T,arrogant,05/0500201/0500201P5Tarrogant.mov
0500301,P,T,assertive,05/0500301/0500301P4Tassertive.mov
0500301,A,T,assertive,05/0500301/0500301A5Tassertive.mov
0500301,S,V,assertive,05/0500301/0500301S5Vassertive.mov
0500301,R,T,assertive,05/0500301/0500301R6Tassertive.mov
0500301,S,V,assertive,05/0500301/0500301S4Vassertive.mov
0500301,P,T,assertive,05/0500301/0500301P5Tassertive.mov
0500301,P,T,assertive,05/0500301/0500301P6Tassertive.mov
0500801,S,V,bossy,05/0500801/0500801S3Vbossy.mov
0500801,U,T,bossy,05/0500801/0500801U2Tbossy.mov
0500801,P,T,bossy,05/0500801/0500801P3Tbossy.mov
0500801,P,T,bossy,05/0500801/0500801P5Tbossy.mov
0500801,U,T,bossy,05/0500801/0500801U6Tbossy.mov
0500801,Z,T,bossy,05/0500801/0500801Z6Tbossy.mov
0500801,U,T,bossy,05/0500801/0500801U1Tbossy.mov
0500801,S,V,bossy,05/0500801/0500801S6Vbossy.mov
0500902,U,T,cocky,05/0500902/0500902U5Tcocky.mov
0500902,P,T,cocky,05/0500902/0500902P3Tcocky.mov
0500902,P,T,cocky,05/0500902/0500902P5Tcocky.mov
0500902,S,V,cocky,05/0500902/0500902S1Vcocky.mov
0500902,P,T,cocky,05/0500902/0500902P6Tcocky.mov
0500902,Z,T,cocky,05/0500902/0500902Z6Tcocky.mov
0500902,R,T,cocky,05/0500902/0500902R6Tcocky.mov
0501403,U,T,sure,05/0501403/0501403U2Tsure.mov
0501403,R,T,sure,05/0501403/0501403R6Tsure.mov
0501403,U,T,sure,05/0501403/0501403U1Tsure.mov
0501403,A,T,sure,05/0501403/0501403A6Tsure.mov
0501403,P,T,sure,05/0501403/0501403P4Tsure.mov
0501403,Z,T,sure,05/0501403/0501403Z5Tsure.mov
0501801,R,T,competitive,05/0501801/0501801R6Tcompetitive.mov
0501801,P,T,competitive,05/0501801/0501801P5Tcompetitive.mov
0501801,P,T,competitive,05/0501801/0501801P4Tcompetitive.mov
0501801,A,T,competitive,05/0501801/0501801A5Tcompetitive.mov
0501801,P,T,competitive,05/0501801/0501801P6Tcompetitive.mov
0501801,S,V,competitive,05/0501801/0501801S3Vcompetitive.mov
0501801,U,T,competitive,05/0501801/0501801U6Tcompetitive.mov
0502201,P,T,convinced,05/0502201/0502201P6Tconvinced.mov
0502201,P,T,convinced,05/0502201/0502201P5Tconvinced.mov
0502201,U,T,convinced,05/0502201/0502201U5Tconvinced.mov
0502201,Z,T,convinced,05/0502201/0502201Z5Tconvinced.mov
0502201,R,T,convinced,05/0502201/0502201R6Tconvinced.mov
0502201,S,V,convinced,05/0502201/0502201S6Vconvinced.mov
0502201,P,T,convinced,05/0502201/0502201P4Tconvinced.mov
0502401,U,T,decided,05/0502401/0502401U6Tdecided.mov
0502401,S,V,decided,05/0502401/0502401S5Vdecided.mov
0502401,P,T,decided,05/0502401/0502401P4Tdecided.mov
0502401,S,V,decided,05/0502401/0502401S6Vdecided.mov
0502401,U,T,decided,05/0502401/0502401U5Tdecided.mov
0502401,U,T,decided,05/0502401/0502401U2Tdecided.mov
0502401,P,T,decided,05/0502401/0502401P6Tdecided.mov
0502401,U,T,decided,05/0502401/0502401U1Tdecided.mov
0502601,Z,T,determined,05/0502601/0502601Z6Tdetermined.mov
0502601,R,T,determined,05/0502601/0502601R6Tdetermined.mov
0502601,U,T,determined,05/0502601/0502601U5Tdetermined.mov
0502601,P,T,determined,05/0502601/0502601P3Tdetermined.mov
0502601,S,V,determined,05/0502601/0502601S6Vdetermined.mov
0502601,P,T,determined,05/0502601/0502601P5Tdetermined.mov
0502601,S,V,determined,05/0502601/0502601S5Vdetermined.mov
0502601,P,T,determined,05/0502601/0502601P6Tdetermined.mov
0504305,U,T,stubborn,05/0504305/0504305U5Tstubborn.mov
0504305,S,V,stubborn,05/0504305/0504305S5Vstubborn.mov
0504305,P,T,stubborn,05/0504305/0504305P6Tstubborn.mov
0504305,Z,T,stubborn,05/0504305/0504305Z6Tstubborn.mov
0504305,P,T,stubborn,05/0504305/0504305P3Tstubborn.mov
0504305,S,V,stubborn,05/0504305/0504305S6Vstubborn.mov
0504305,P,T,stubborn,05/0504305/0504305P5Tstubborn.mov
0504305,R,T,stubborn,05/0504305/0504305R6Tstubborn.mov
0505202,U,T,strong,05/0505202/0505202U1Tstrong.mov
0505202,Z,T,strong,05/0505202/0505202Z6Tstrong.mov
0505202,P,T,strong,05/0505202/0505202P6Tstrong.mov
0505202,P,T,strong,05/0505202/0505202P3Tstrong.mov
0505202,U,T,strong,05/0505202/0505202U5Tstrong.mov
0505202,S,V,strong,05/0505202/0505202S3Vstrong.mov
0505202,S,V,strong,05/0505202/0505202S6Vstrong.mov
0505202,U,T,strong,05/0505202/0505202U2Tstrong.mov
0505301,U,T,prepared,05/0505301/0505301U5Tprepared.mov
0505301,P,T,prepared,05/0505301/0505301P6Tprepared.mov
0505301,P,T,prepared,05/0505301/0505301P4Tprepared.mov
0505301,S,V,prepared,05/0505301/0505301S1Vprepared.mov
0505301,P,T,prepared,05/0505301/0505301P5Tprepared.mov
0505301,R,T,prepared,05/0505301/0505301R6Tprepared.mov
0505301,Z,T,prepared,05/0505301/0505301Z5Tprepared.mov
0505601,S,V,pushy,05/0505601/0505601S4Vpushy.mov
0505601,P,T,pushy,05/0505601/0505601P5Tpushy.mov
0505601,U,T,pushy,05/0505601/0505601U5Tpushy.mov
0505601,Z,T,pushy,05/0505601/0505601Z5Tpushy.mov
0505601,P,T,pushy,05/0505601/0505601P6Tpushy.mov
0505601,U,T,pushy,05/0505601/0505601U6Tpushy.mov
0506402,S,V,smug,05/0506402/0506402S6Vsmug.mov
0506402,P,T,smug,05/0506402/0506402P4Tsmug.mov
0506402,P,T,smug,05/0506402/0506402P5Tsmug.mov
0506402,R,T,smug,05/0506402/0506402R6Tsmug.mov
0506402,Z,T,smug,05/0506402/0506402Z5Tsmug.mov
0506402,P,T,smug,05/0506402/0506402P6Tsmug.mov
0506402,S,V,smug,05/0506402/0506402S5Vsmug.mov
0506402,U,T,smug,05/0506402/0506402U5Tsmug.mov
0507302,P,T,composed,05/0507302/0507302P6Tcomposed.mov
0507302,U,T,composed,05/0507302/0507302U5Tcomposed.mov
0507302,S,V,composed,05/0507302/0507302S5Vcomposed.mov
0507302,P,T,composed,05/0507302/0507302P5Tcomposed.mov
0507302,R,T,composed,05/0507302/0507302R6Tcomposed.mov
0507302,U,T,composed,05/0507302/0507302U6Tcomposed.mov
0507302,P,T,composed,05/0507302/0507302P3Tcomposed.mov
0507402,U,T,persuaded,05/0507402/0507402U6Tpersuaded.mov
0507402,R,T,persuaded,05/0507402/0507402R6Tpersuaded.mov
0507402,U,T,persuaded,05/0507402/0507402U5Tpersuaded.mov
0507402,P,T,persuaded,05/0507402/0507402P5Tpersuaded.mov
0507402,P,T,persuaded,05/0507402/0507402P6Tpersuaded.mov
0507402,P,T,persuaded,05/0507402/0507402P4Tpersuaded.mov
0507402,S,V,persuaded,05/0507402/0507402S6Vpersuaded.mov
0507402,S,V,persuaded,05/0507402/0507402S1Vpersuaded.mov
0507501,P,T,sang-froid,05/0507501/0507501P4Tsang-froid.mov
0507501,P,T,sang-froid,05/0507501/0507501P6Tsang-froid.mov
0507501,U,T,sang-froid,05/0507501/0507501U6Tsang-froid.mov
0507501,A,T,sang-froid,05/0507501/0507501A5Tsang-froid.mov
0507501,U,T,sang-froid,05/0507501/0507501U5Tsang-froid.mov
0507601,S,V,committed,05/0507601/0507601S6Vcommitted.mov
0507601,P,T,committed,05/0507601/0507601P3Tcommitted.mov
0507601,P,T,committed,05/0507601/0507601P5Tcommitted.mov
0507601,U,T,committed,05/0507601/0507601U5Tcommitted.mov
0507601,U,T,committed,05/0507601/0507601U6Tcommitted.mov
0507601,Z,T,committed,05/0507601/0507601Z6Tcommitted.mov
0507601,R,T,committed,05/0507601/0507601R6Tcommitted.mov
0507703,S,V,honest,05/0507703/0507703S4Vhonest.mov
0507703,U,T,honest,05/0507703/0507703U2Thonest.mov
0507703,P,T,honest,05/0507703/0507703P5Thonest.mov
0507703,R,T,honest,05/0507703/0507703R6Thonest.mov
0507703,U,T,honest,05/0507703/0507703U6Thonest.mov
0507703,U,T,honest,05/0507703/0507703U1Thonest.mov
0507801,R,T,knowing,05/0507801/0507801R6Tknowing.mov
0507801,U,T,knowing,05/0507801/0507801U5Tknowing.mov
0507801,S,V,knowing,05/0507801/0507801S6Vknowing.mov
0507801,Z,T,knowing,05/0507801/0507801Z6Tknowing.mov
0507801,P,T,knowing,05/0507801/0507801P5Tknowing.mov
0507801,S,V,knowing,05/0507801/0507801S1Vknowing.mov
0507801,P,T,knowing,05/0507801/0507801P6Tknowing.mov
0507801,P,T,knowing,05/0507801/0507801P3Tknowing.mov
0507902,S,V,serious,05/0507902/0507902S4Vserious.mov
0507902,Z,T,serious,05/0507902/0507902Z6Tserious.mov
0507902,P,T,serious,05/0507902/0507902P5Tserious.mov
0507902,U,T,serious,05/0507902/0507902U2Tserious.mov
0507902,U,T,serious,05/0507902/0507902U5Tserious.mov
0507902,A,T,serious,05/0507902/0507902A5Tserious.mov
0507902,U,T,serious,05/0507902/0507902U6Tserious.mov
0600101,P,T,afraid,06/0600101/0600101P6Tafraid.mov
0600101,P,T,afraid,06/0600101/0600101P3Tafraid.mov
0600101,U,T,afraid,06/0600101/0600101U1Tafraid.mov
0600101,Z,T,afraid,06/0600101/0600101Z5Tafraid.mov
0600101,U,T,afraid,06/0600101/0600101U2Tafraid.mov
0600101,R,T,afraid,06/0600101/0600101R6Tafraid.mov
0600101,S,V,afraid,06/0600101/0600101S3Vafraid.mov
0600202,P,T,disturbed,06/0600202/0600202P3Tdisturbed.mov
0600202,S,V,disturbed,06/0600202/0600202S1Vdisturbed.mov
0600202,S,V,disturbed,06/0600202/0600202S2Vdisturbed.mov
0600202,U,T,disturbed,06/0600202/0600202U5Tdisturbed.mov
0600202,Z,T,disturbed,06/0600202/0600202Z6Tdisturbed.mov
0600202,U,T,disturbed,06/0600202/0600202U6Tdisturbed.mov
0600202,P,T,disturbed,06/0600202/0600202P6Tdisturbed.mov
0600202,P,T,disturbed,06/0600202/0600202P5Tdisturbed.mov
0600305,P,T,worried,06/0600305/0600305P4Tworried.mov
0600305,R,T,worried,06/0600305/0600305R6Tworried.mov
0600305,Z,T,worried,06/0600305/0600305Z5Tworried.mov
0600305,U,T,worried,06/0600305/0600305U1Tworried.mov
0600305,S,V,worried,06/0600305/0600305S4Vworried.mov
0600305,U,T,worried,06/0600305/0600305U2Tworried.mov
0600305,P,T,worried,06/0600305/0600305P5Tworried.mov
0600402,P,T,nervous,06/0600402/0600402P6Tnervous.mov
0600402,Z,T,nervous,06/0600402/0600402Z5Tnervous.mov
0600402,U,T,nervous,06/0600402/0600402U1Tnervous.mov
0600402,U,T,nervous,06/0600402/0600402U2Tnervous.mov
0600402,S,V,nervous,06/0600402/0600402S4Vnervous.mov
0600402,U,T,nervous,06/0600402/0600402U5Tnervous.mov
0600402,P,T,nervous,06/0600402/0600402P4Tnervous.mov
0600601,Z,T,consternation,06/0600601/0600601Z5Tconsternation.mov
0600601,R,T,consternation,06/0600601/0600601R6Tconsternation.mov
0600601,S,V,consternation,06/0600601/0600601S2Vconsternation.mov
0600601,P,T,consternation,06/0600601/0600601P5Tconsternation.mov
0600601,P,T,consternation,06/0600601/0600601P4Tconsternation.mov
0600601,U,T,consternation,06/0600601/0600601U5Tconsternation.mov
0600601,P,T,consternation,06/0600601/0600601P6Tconsternation.mov
0600701,S,V,cowardly,06/0600701/0600701S2Vcowardly.mov
0600701,U,T,cowardly,06/0600701/0600701U5Tcowardly.mov
0600701,Z,T,cowardly,06/0600701/0600701Z6Tcowardly.mov
0600701,S,V,cowardly,06/0600701/0600701S1Vcowardly.mov
0600701,P,T,cowardly,06/0600701/0600701P3Tcowardly.mov
0600701,U,T,cowardly,06/0600701/0600701U6Tcowardly.mov
0600701,R,T,cowardly,06/0600701/0600701R6Tcowardly.mov
0600701,P,T,cowardly,06/0600701/0600701P5Tcowardly.mov
0600801,R,T,cowed,06/0600801/0600801R6Tcowed.mov
0600801,S,V,cowed,06/0600801/0600801S6Vcowed.mov
0600801,P,T,cowed,06/0600801/0600801P6Tcowed.mov
0600801,U,T,cowed,06/0600801/0600801U6Tcowed.mov
0600801,S,V,cowed,06/0600801/0600801S1Vcowed.mov
0600801,P,T,cowed,06/0600801/0600801P5Tcowed.mov
0600801,A,T,cowed,06/0600801/0600801A5Tcowed.mov
0600801,Z,T,cowed,06/0600801/0600801Z5Tcowed.mov
0600901,S,V,daunted,06/0600901/0600901S1Vdaunted.mov
0600901,Z,T,daunted,06/0600901/0600901Z6Tdaunted.mov
0600901,P,T,daunted,06/0600901/0600901P5Tdaunted.mov
0600901,P,T,daunted,06/0600901/0600901P6Tdaunted.mov
0600901,P,T,daunted,06/0600901/0600901P3Tdaunted.mov
0600901,R,T,daunted,06/0600901/0600901R6Tdaunted.mov
0600901,U,T,daunted,06/0600901/0600901U5Tdaunted.mov
0600901,S,V,daunted,06/0600901/0600901S6Vdaunted.mov
0601001,S,V,desperate,06/0601001/0601001S1Vdesperate.mov
0601001,P,T,desperate,06/0601001/0601001P3Tdesperate.mov
0601001,P,T,desperate,06/0601001/0601001P6Tdesperate.mov
0601001,U,T,desperate,06/0601001/0601001U1Tdesperate.mov
0601001,U,T,desperate,06/0601001/0601001U5Tdesperate.mov
0601001,Z,T,desperate,06/0601001/0601001Z6Tdesperate.mov
0601001,U,T,desperate,06/0601001/0601001U2Tdesperate.mov
0601101,P,T,discomforted,06/0601101/0601101P6Tdiscomforted.mov
0601101,S,V,discomforted,06/0601101/0601101S4Vdiscomforted.mov
0601101,S,V,discomforted,06/0601101/0601101S1Vdiscomforted.mov
0601101,R,T,discomforted,06/0601101/0601101R6Tdiscomforted.mov
0601101,Z,T,discomforted,06/0601101/0601101Z5Tdiscomforted.mov
0601101,P,T,discomforted,06/0601101/0601101P4Tdiscomforted.mov
0601101,U,T,discomforted,06/0601101/0601101U5Tdiscomforted.mov
0601101,P,T,discomforted,06/0601101/0601101P5Tdiscomforted.mov
0601201,U,T,dreading,06/0601201/0601201U5Tdreading.mov
0601201,S,V,dreading,06/0601201/0601201S3Vdreading.mov
0601201,P,T,dreading,06/0601201/0601201P6Tdreading.mov
0601201,Z,T,dreading,06/0601201/0601201Z6Tdreading.mov
0601201,S,V,dreading,06/0601201/0601201S6Vdreading.mov
0601201,P,T,dreading,06/0601201/0601201P3Tdreading.mov
0601201,R,T,dreading,06/0601201/0601201R6Tdreading.mov
0601201,P,T,dreading,06/0601201/0601201P5Tdreading.mov
0601303,P,T,jumpy,06/0601303/0601303P4Tjumpy.mov
0601303,Z,T,jumpy,06/0601303/0601303Z5Tjumpy.mov
0601303,P,T,jumpy,06/0601303/0601303P5Tjumpy.mov
0601303,U,T,jumpy,06/0601303/0601303U5Tjumpy.mov
0601303,S,V,jumpy,06/0601303/0601303S2Vjumpy.mov
0601303,S,V,jumpy,06/0601303/0601303S1Vjumpy.mov
0601303,U,T,jumpy,06/0601303/0601303U6Tjumpy.mov
0601303,R,T,jumpy,06/0601303/0601303R6Tjumpy.mov
0601401,P,T,frantic,06/0601401/0601401P6Tfrantic.mov
0601401,S,V,frantic,06/0601401/0601401S2Vfrantic.mov
0601401,P,T,frantic,06/0601401/0601401P3Tfrantic.mov
0601401,S,V,frantic,06/0601401/0601401S1Vfrantic.mov
0601401,Z,T,frantic,06/0601401/0601401Z6Tfrantic.mov
0601401,P,T,frantic,06/0601401/0601401P5Tfrantic.mov
0601401,U,T,frantic,06/0601401/0601401U5Tfrantic.mov
0601401,R,T,frantic,06/0601401/0601401R6Tfrantic.mov
0601501,U,T,panicked,06/0601501/0601501U2Tpanicked.mov
0601501,Z,T,panicked,06/0601501/0601501Z6Tpanicked.mov
0601501,R,T,panicked,06/0601501/0601501R6Tpanicked.mov
0601501,P,T,panicked,06/0601501/0601501P5Tpanicked.mov
0601501,S,V,panicked,06/0601501/0601501S6Vpanicked.mov
0601501,P,T,panicked,06/0601501/0601501P3Tpanicked.mov
0601501,U,T,panicked,06/0601501/0601501U1Tpanicked.mov
0601602,Z,T,terrified,06/0601602/0601602Z5Tterrified.mov
0601602,R,T,terrified,06/0601602/0601602R6Tterrified.mov
0601602,P,T,terrified,06/0601602/0601602P6Tterrified.mov
0601602,P,T,terrified,06/0601602/0601602P3Tterrified.mov
0601602,A,T,terrified,06/0601602/0601602A6Tterrified.mov
0601602,A,T,terrified,06/0601602/0601602A5Tterrified.mov
0601701,P,T,shaken,06/0601701/0601701P4Tshaken.mov
0601701,S,V,shaken,06/0601701/0601701S2Vshaken.mov
0601701,P,T,shaken,06/0601701/0601701P6Tshaken.mov
0601701,U,T,shaken,06/0601701/0601701U5Tshaken.mov
0601701,R,T,shaken,06/0601701/0601701R6Tshaken.mov
0601701,S,V,shaken,06/0601701/0601701S3Vshaken.mov
0601701,P,T,shaken,06/0601701/0601701P5Tshaken.mov
0601701,Z,T,shaken,06/0601701/0601701Z5Tshaken.mov
0601801,S,V,threatened,06/0601801/0601801S2Vthreatened.mov
0601801,P,T,threatened,06/0601801/0601801P5Tthreatened.mov
0601801,P,T,threatened,06/0601801/0601801P4Tthreatened.mov
0601801,Z,T,threatened,06/0601801/0601801Z5Tthreatened.mov
0601801,U,T,threatened,06/0601801/0601801U2Tthreatened.mov
0601801,R,T,threatened,06/0601801/0601801R6Tthreatened.mov
0601801,U,T,threatened,06/0601801/0601801U1Tthreatened.mov
0601901,P,T,uneasy,06/0601901/0601901P5Tuneasy.mov
0601901,U,T,uneasy,06/0601901/0601901U5Tuneasy.mov
0601901,R,T,uneasy,06/0601901/0601901R6Tuneasy.mov
0601901,Z,T,uneasy,06/0601901/0601901Z6Tuneasy.mov
0601901,S,V,uneasy,06/0601901/0601901S2Vuneasy.mov
0601901,P,T,uneasy,06/0601901/0601901P3Tuneasy.mov
0601901,S,V,uneasy,06/0601901/0601901S5Vuneasy.mov
0601901,P,T,uneasy,06/0601901/0601901P6Tuneasy.mov
0602001,P,T,vulnerable,06/0602001/0602001P6Tvulnerable.mov
0602001,S,V,vulnerable,06/0602001/0602001S1Vvulnerable.mov
0602001,P,T,vulnerable,06/0602001/0602001P4Tvulnerable.mov
0602001,U,T,vulnerable,06/0602001/0602001U5Tvulnerable.mov
0602001,R,T,vulnerable,06/0602001/0602001R6Tvulnerable.mov
0602001,A,T,vulnerable,06/0602001/0602001A5Tvulnerable.mov
0602001,U,T,vulnerable,06/0602001/0602001U6Tvulnerable.mov
0602102,P,T,watchful,06/0602102/0602102P5Twatchful.mov
0602102,S,V,watchful,06/0602102/0602102S6Vwatchful.mov
0602102,P,T,watchful,06/0602102/0602102P3Twatchful.mov
0602102,U,T,watchful,06/0602102/0602102U6Twatchful.mov
0602102,Z,T,watchful,06/0602102/0602102Z6Twatchful.mov
0602102,S,V,watchful,06/0602102/0602102S3Vwatchful.mov
0602102,P,T,watchful,06/0602102/0602102P6Twatchful.mov
0602102,U,T,watchful,06/0602102/0602102U5Twatchful.mov
0602201,S,V,intimidated,06/0602201/0602201S2Vintimidated.mov
0602201,S,V,intimidated,06/0602201/0602201S5Vintimidated.mov
0602201,P,T,intimidated,06/0602201/0602201P6Tintimidated.mov
0602201,U,T,intimidated,06/0602201/0602201U6Tintimidated.mov
0602201,P,T,intimidated,06/0602201/0602201P5Tintimidated.mov
0602201,R,T,intimidated,06/0602201/0602201R6Tintimidated.mov
0602201,Z,T,intimidated,06/0602201/0602201Z5Tintimidated.mov
0602201,U,T,intimidated,06/0602201/0602201U5Tintimidated.mov
0700608,P,T,friendly,07/0700608/0700608P6Tfriendly.mov
0700608,S,V,friendly,07/0700608/0700608S2Vfriendly.mov
0700608,U,T,friendly,07/0700608/0700608U2Tfriendly.mov
0700608,U,T,friendly,07/0700608/0700608U5Tfriendly.mov
0700608,Z,T,friendly,07/0700608/0700608Z5Tfriendly.mov
0700608,S,V,friendly,07/0700608/0700608S1Vfriendly.mov
0700608,U,T,friendly,07/0700608/0700608U1Tfriendly.mov
0700608,P,T,friendly,07/0700608/0700608P4Tfriendly.mov
0700803,U,T,calming,07/0700803/0700803U2Tcalming.mov
0700803,S,V,calming,07/0700803/0700803S1Vcalming.mov
0700803,Z,T,calming,07/0700803/0700803Z6Tcalming.mov
0700803,P,T,calming,07/0700803/0700803P3Tcalming.mov
0700803,P,T,calming,07/0700803/0700803P6Tcalming.mov
0700803,U,T,calming,07/0700803/0700803U1Tcalming.mov
0700803,U,T,calming,07/0700803/0700803U5Tcalming.mov
0701303,P,T,kind,07/0701303/0701303P6Tkind.mov
0701303,A,T,kind,07/0701303/0701303A5Tkind.mov
0701303,U,T,kind,07/0701303/0701303U2Tkind.mov
0701303,S,V,kind,07/0701303/0701303S2Vkind.mov
0701303,R,T,kind,07/0701303/0701303R6Tkind.mov
0701303,Z,T,kind,07/0701303/0701303Z5Tkind.mov
0701303,P,T,kind,07/0701303/0701303P3Tkind.mov
0701701,S,V,caring,07/0701701/0701701S6Vcaring.mov
0701701,U,T,caring,07/0701701/0701701U5Tcaring.mov
0701701,U,T,caring,07/0701701/0701701U2Tcaring.mov
0701701,P,T,caring,07/0701701/0701701P4Tcaring.mov
0701701,U,T,caring,07/0701701/0701701U6Tcaring.mov
0701701,S,V,caring,07/0701701/0701701S5Vcaring.mov
0701701,A,T,caring,07/0701701/0701701A5Tcaring.mov
0701701,P,T,caring,07/0701701/0701701P6Tcaring.mov
0702001,A,T,cheering,07/0702001/0702001A5Tcheering.mov
0702001,R,T,cheering,07/0702001/0702001R6Tcheering.mov
0702001,P,T,cheering,07/0702001/0702001P5Tcheering.mov
0702001,S,V,cheering,07/0702001/0702001S6Vcheering.mov
0702001,P,T,cheering,07/0702001/0702001P4Tcheering.mov
0702001,P,T,cheering,07/0702001/0702001P6Tcheering.mov
0702001,S,V,cheering,07/0702001/0702001S5Vcheering.mov
0702001,U,T,cheering,07/0702001/0702001U5Tcheering.mov
0702101,U,T,comforting,07/0702101/0702101U5Tcomforting.mov
0702101,Z,T,comforting,07/0702101/0702101Z6Tcomforting.mov
0702101,R,T,comforting,07/0702101/0702101R6Tcomforting.mov
0702101,S,V,comforting,07/0702101/0702101S4Vcomforting.mov
0702101,P,T,comforting,07/0702101/0702101P6Tcomforting.mov
0702101,S,V,comforting,07/0702101/0702101S3Vcomforting.mov
0702101,P,T,comforting,07/0702101/0702101P3Tcomforting.mov
0702101,P,T,comforting,07/0702101/0702101P5Tcomforting.mov
0702301,S,V,concerned,07/0702301/0702301S1Vconcerned.mov
0702301,A,T,concerned,07/0702301/0702301A5Tconcerned.mov
0702301,S,V,concerned,07/0702301/0702301S6Vconcerned.mov
0702301,P,T,concerned,07/0702301/0702301P3Tconcerned.mov
0702301,P,T,concerned,07/0702301/0702301P6Tconcerned.mov
0702301,P,T,concerned,07/0702301/0702301P5Tconcerned.mov
0702301,R,T,concerned,07/0702301/0702301R6Tconcerned.mov
0702301,Z,T,concerned,07/0702301/0702301Z6Tconcerned.mov
0702501,P,T,congratulatory,07/0702501/0702501P3Tcongratulatory.mov
0702501,Z,T,congratulatory,07/0702501/0702501Z6Tcongratulatory.mov
0702501,S,V,congratulatory,07/0702501/0702501S6Vcongratulatory.mov
0702501,P,T,congratulatory,07/0702501/0702501P5Tcongratulatory.mov
0702501,P,T,congratulatory,07/0702501/0702501P6Tcongratulatory.mov
0702501,U,T,congratulatory,07/0702501/0702501U5Tcongratulatory.mov
0702501,S,V,congratulatory,07/0702501/0702501S3Vcongratulatory.mov
0702802,U,T,polite,07/0702802/0702802U5Tpolite.mov
0702802,U,T,polite,07/0702802/0702802U2Tpolite.mov
0702802,S,V,polite,07/0702802/0702802S1Vpolite.mov
0702802,Z,T,polite,07/0702802/0702802Z6Tpolite.mov
0702802,U,T,polite,07/0702802/0702802U1Tpolite.mov
0702802,U,T,polite,07/0702802/0702802U6Tpolite.mov
0702802,P,T,polite,07/0702802/0702802P3Tpolite.mov
0703001,S,V,empathic,07/0703001/0703001S5Vempathic.mov
0703001,U,T,empathic,07/0703001/0703001U5Tempathic.mov
0703001,A,T,empathic,07/0703001/0703001A6Tempathic.mov
0703001,P,T,empathic,07/0703001/0703001P6Tempathic.mov
0703001,S,V,empathic,07/0703001/0703001S6Vempathic.mov
0703001,R,T,empathic,07/0703001/0703001R6Tempathic.mov
0703001,P,T,empathic,07/0703001/0703001P5Tempathic.mov
0703001,Z,T,empathic,07/0703001/0703001Z5Tempathic.mov
0703101,U,T,encouraging,07/0703101/0703101U5Tencouraging.mov
0703101,P,T,encouraging,07/0703101/0703101P3Tencouraging.mov
0703101,R,T,encouraging,07/0703101/0703101R6Tencouraging.mov
0703101,S,V,encouraging,07/0703101/0703101S1Vencouraging.mov
0703101,P,T,encouraging,07/0703101/0703101P5Tencouraging.mov
0703101,Z,T,encouraging,07/0703101/0703101Z6Tencouraging.mov
0703101,S,V,encouraging,07/0703101/0703101S4Vencouraging.mov
0703101,P,T,encouraging,07/0703101/0703101P6Tencouraging.mov
0703801,P,T,forgiving,07/0703801/0703801P5Tforgiving.mov
0703801,U,T,forgiving,07/0703801/0703801U1Tforgiving.mov
0703801,U,T,forgiving,07/0703801/0703801U2Tforgiving.mov
0703801,Z,T,forgiving,07/0703801/0703801Z6Tforgiving.mov
0703801,R,T,forgiving,07/0703801/0703801R6Tforgiving.mov
0703801,S,V,forgiving,07/0703801/0703801S4Vforgiving.mov
0703801,P,T,forgiving,07/0703801/0703801P3Tforgiving.mov
0704102,S,V,giving,07/0704102/0704102S2Vgiving.mov
0704102,U,T,giving,07/0704102/0704102U1Tgiving.mov
0704102,P,T,giving,07/0704102/0704102P3Tgiving.mov
0704102,A,T,giving,07/0704102/0704102A6Tgiving.mov
0704102,S,V,giving,07/0704102/0704102S3Vgiving.mov
0704102,U,T,giving,07/0704102/0704102U2Tgiving.mov
0704102,Z,T,giving,07/0704102/0704102Z5Tgiving.mov
0704501,S,V,helpful,07/0704501/0704501S5Vhelpful.mov
0704501,A,T,helpful,07/0704501/0704501A5Thelpful.mov
0704501,A,T,helpful,07/0704501/0704501A6Thelpful.mov
0704501,S,V,helpful,07/0704501/0704501S6Vhelpful.mov
0704501,P,T,helpful,07/0704501/0704501P5Thelpful.mov
0704501,U,T,helpful,07/0704501/0704501U2Thelpful.mov
0704501,Z,T,helpful,07/0704501/0704501Z5Thelpful.mov
0704602,P,T,welcoming,07/0704602/0704602P4Twelcoming.mov
0704602,S,V,welcoming,07/0704602/0704602S5Vwelcoming.mov
0704602,U,T,welcoming,07/0704602/0704602U2Twelcoming.mov
0704602,U,T,welcoming,07/0704602/0704602U5Twelcoming.mov
0704602,U,T,welcoming,07/0704602/0704602U1Twelcoming.mov
0704602,Z,T,welcoming,07/0704602/0704602Z5Twelcoming.mov
0704602,P,T,welcoming,07/0704602/0704602P6Twelcoming.mov
0705301,P,T,patient,07/0705301/0705301P6Tpatient.mov
0705301,P,T,patient,07/0705301/0705301P3Tpatient.mov
0705301,S,V,patient,07/0705301/0705301S1Vpatient.mov
0705301,P,T,patient,07/0705301/0705301P5Tpatient.mov
0705301,Z,T,patient,07/0705301/0705301Z6Tpatient.mov
0705301,U,T,patient,07/0705301/0705301U5Tpatient.mov
0705301,R,T,patient,07/0705301/0705301R6Tpatient.mov
0705401,P,T,pitying,07/0705401/0705401P6Tpitying.mov
0705401,Z,T,pitying,07/0705401/0705401Z5Tpitying.mov
0705401,P,T,pitying,07/0705401/0705401P5Tpitying.mov
0705401,S,V,pitying,07/0705401/0705401S3Vpitying.mov
0705401,S,V,pitying,07/0705401/0705401S6Vpitying.mov
0705401,U,T,pitying,07/0705401/0705401U5Tpitying.mov
0705401,R,T,pitying,07/0705401/0705401R6Tpitying.mov
0705401,P,T,pitying,07/0705401/0705401P4Tpitying.mov
0706602,U,T,understanding,07/0706602/0706602U1Tunderstanding.mov
0706602,P,T,understanding,07/0706602/0706602P3Tunderstanding.mov
0706602,P,T,understanding,07/0706602/0706602P4Tunderstanding.mov
0706602,U,T,understanding,07/0706602/0706602U2Tunderstanding.mov
0706602,P,T,understanding,07/0706602/0706602P5Tunderstanding.mov
0706602,Z,T,understanding,07/0706602/0706602Z6Tunderstanding.mov
0706602,S,V,understanding,07/0706602/0706602S2Vunderstanding.mov
0706602,S,V,understanding,07/0706602/0706602S5Vunderstanding.mov
0707101,S,V,warm,07/0707101/0707101S6Vwarm.mov
0707101,R,T,warm,07/0707101/0707101R6Twarm.mov
0707101,Z,T,warm,07/0707101/0707101Z5Twarm.mov
0707101,P,T,warm,07/0707101/0707101P3Twarm.mov
0707101,U,T,warm,07/0707101/0707101U2Twarm.mov
0707101,P,T,warm,07/0707101/0707101P6Twarm.mov
0707101,A,T,warm,07/0707101/0707101A5Twarm.mov
0707101,S,V,warm,07/0707101/0707101S3Vwarm.mov
0707201,P,T,willing,07/0707201/0707201P4Twilling.mov
0707201,R,T,willing,07/0707201/0707201R6Twilling.mov
0707201,S,V,willing,07/0707201/0707201S5Vwilling.mov
0707201,U,T,willing,07/0707201/0707201U5Twilling.mov
0707201,P,T,willing,07/0707201/0707201P5Twilling.mov
0707201,P,T,willing,07/0707201/0707201P6Twilling.mov
0707201,Z,T,willing,07/0707201/0707201Z5Twilling.mov
0800101,P,T,adventurous,08/0800101/0800101P3Tadventurous.mov
0800101,U,T,adventurous,08/0800101/0800101U5Tadventurous.mov
0800101,P,T,adventurous,08/0800101/0800101P5Tadventurous.mov
0800101,R,T,adventurous,08/0800101/0800101R6Tadventurous.mov
0800101,Z,T,adventurous,08/0800101/0800101Z6Tadventurous.mov
0800101,S,V,adventurous,08/0800101/0800101S5Vadventurous.mov
0800101,P,T,adventurous,08/0800101/0800101P6Tadventurous.mov
0800201,U,T,alert,08/0800201/0800201U5Talert.mov
0800201,P,T,alert,08/0800201/0800201P5Talert.mov
0800201,Z,T,alert,08/0800201/0800201Z5Talert.mov
0800201,S,V,alert,08/0800201/0800201S3Valert.mov
0800201,P,T,alert,08/0800201/0800201P4Talert.mov
0800201,R,T,alert,08/0800201/0800201R6Talert.mov
0800201,P,T,alert,08/0800201/0800201P6Talert.mov
0800306,S,V,lively,08/0800306/0800306S5Vlively.mov
0800306,P,T,lively,08/0800306/0800306P4Tlively.mov
0800306,U,T,lively,08/0800306/0800306U1Tlively.mov
0800306,U,T,lively,08/0800306/0800306U2Tlively.mov
0800306,Z,T,lively,08/0800306/0800306Z5Tlively.mov
0800306,P,T,lively,08/0800306/0800306P5Tlively.mov
0800306,R,T,lively,08/0800306/0800306R6Tlively.mov
0800501,R,T,ardor,08/0800501/0800501R6Tardor.mov
0800501,P,T,ardor,08/0800501/0800501P6Tardor.mov
0800501,S,V,ardor,08/0800501/0800501S4Vardor.mov
0800501,P,T,ardor,08/0800501/0800501P5Tardor.mov
0800501,Z,T,ardor,08/0800501/0800501Z5Tardor.mov
0800501,S,V,ardor,08/0800501/0800501S5Vardor.mov
0800501,A,T,ardor,08/0800501/0800501A5Tardor.mov
0800501,P,T,ardor,08/0800501/0800501P4Tardor.mov
0800802,U,T,keen,08/0800802/0800802U5Tkeen.mov
0800802,S,V,keen,08/0800802/0800802S5Vkeen.mov
0800802,P,T,keen,08/0800802/0800802P6Tkeen.mov
0800802,U,T,keen,08/0800802/0800802U2Tkeen.mov
0800802,Z,T,keen,08/0800802/0800802Z5Tkeen.mov
0800802,R,T,keen,08/0800802/0800802R6Tkeen.mov
0800802,U,T,keen,08/0800802/0800802U1Tkeen.mov
0801001,Z,T,enthusiastic,08/0801001/0801001Z5Tenthusiastic.mov
0801001,R,T,enthusiastic,08/0801001/0801001R6Tenthusiastic.mov
0801001,P,T,enthusiastic,08/0801001/0801001P6Tenthusiastic.mov
0801001,P,T,enthusiastic,08/0801001/0801001P5Tenthusiastic.mov
0801001,S,V,enthusiastic,08/0801001/0801001S3Venthusiastic.mov
0801001,U,T,enthusiastic,08/0801001/0801001U5Tenthusiastic.mov
0801001,P,T,enthusiastic,08/0801001/0801001P4Tenthusiastic.mov
0801101,U,T,excited,08/0801101/0801101U5Texcited.mov
0801101,P,T,excited,08/0801101/0801101P4Texcited.mov
0801101,S,V,excited,08/0801101/0801101S2Vexcited.mov
0801101,U,T,excited,08/0801101/0801101U1Texcited.mov
0801101,U,T,excited,08/0801101/0801101U2Texcited.mov
0801101,P,T,excited,08/0801101/0801101P5Texcited.mov
0801101,Z,T,excited,08/0801101/0801101Z6Texcited.mov
0801201,S,V,exhilarated,08/0801201/0801201S5Vexhilarated.mov
0801201,P,T,exhilarated,08/0801201/0801201P6Texhilarated.mov
0801201,Z,T,exhilarated,08/0801201/0801201Z6Texhilarated.mov
0801201,P,T,exhilarated,08/0801201/0801201P5Texhilarated.mov
0801201,S,V,exhilarated,08/0801201/0801201S6Vexhilarated.mov
0801201,R,T,exhilarated,08/0801201/0801201R6Texhilarated.mov
0801201,P,T,exhilarated,08/0801201/0801201P3Texhilarated.mov
0801201,U,T,exhilarated,08/0801201/0801201U5Texhilarated.mov
0801303,S,V,hysterical,08/0801303/0801303S5Vhysterical.mov
0801303,P,T,hysterical,08/0801303/0801303P6Thysterical.mov
0801303,P,T,hysterical,08/0801303/0801303P4Thysterical.mov
0801303,S,V,hysterical,08/0801303/0801303S6Vhysterical.mov
0801303,P,T,hysterical,08/0801303/0801303P5Thysterical.mov
0801303,Z,T,hysterical,08/0801303/0801303Z5Thysterical.mov
0801303,U,T,hysterical,08/0801303/0801303U5Thysterical.mov
0801303,R,T,hysterical,08/0801303/0801303R6Thysterical.mov
0801501,Z,T,inspired,08/0801501/0801501Z5Tinspired.mov
0801501,S,V,inspired,08/0801501/0801501S1Vinspired.mov
0801501,P,T,inspired,08/0801501/0801501P4Tinspired.mov
0801501,R,T,inspired,08/0801501/0801501R6Tinspired.mov
0801501,P,T,inspired,08/0801501/0801501P5Tinspired.mov
0801501,S,V,inspired,08/0801501/0801501S2Vinspired.mov
0801501,U,T,inspired,08/0801501/0801501U5Tinspired.mov
0801501,P,T,inspired,08/0801501/0801501P6Tinspired.mov
0801701,U,T,invigorated,08/0801701/0801701U6Tinvigorated.mov
0801701,S,V,invigorated,08/0801701/0801701S4Vinvigorated.mov
0801701,U,T,invigorated,08/0801701/0801701U5Tinvigorated.mov
0801701,P,T,invigorated,08/0801701/0801701P4Tinvigorated.mov
0801701,Z,T,invigorated,08/0801701/0801701Z5Tinvigorated.mov
0801701,S,V,invigorated,08/0801701/0801701S1Vinvigorated.mov
0801701,R,T,invigorated,08/0801701/0801701R6Tinvigorated.mov
0801701,P,T,invigorated,08/0801701/0801701P5Tinvigorated.mov
0802202,P,T,vibrant,08/0802202/0802202P3Tvibrant.mov
0802202,P,T,vibrant,08/0802202/0802202P6Tvibrant.mov
0802202,P,T,vibrant,08/0802202/0802202P5Tvibrant.mov
0802202,Z,T,vibrant,08/0802202/0802202Z6Tvibrant.mov
0802202,S,V,vibrant,08/0802202/0802202S3Vvibrant.mov
0802202,U,T,vibrant,08/0802202/0802202U5Tvibrant.mov
0802202,R,T,vibrant,08/0802202/0802202R6Tvibrant.mov
0802401,R,T,aroused,08/0802401/0802401R6Taroused.mov
0802401,A,T,aroused,08/0802401/0802401A6Taroused.mov
0802401,S,V,aroused,08/0802401/0802401S6Varoused.mov
0802401,U,T,aroused,08/0802401/0802401U5Taroused.mov
0802401,Z,T,aroused,08/0802401/0802401Z6Taroused.mov
0802401,P,T,aroused,08/0802401/0802401P5Taroused.mov
0802401,P,T,aroused,08/0802401/0802401P3Taroused.mov
0802601,Z,T,titillated,08/0802601/0802601Z6Ttitillated.mov
0802601,R,T,titillated,08/0802601/0802601R6Ttitillated.mov
0802601,U,T,titillated,08/0802601/0802601U5Ttitillated.mov
0802601,P,T,titillated,08/0802601/0802601P3Ttitillated.mov
0802601,P,T,titillated,08/0802601/0802601P5Ttitillated.mov
0802601,S,V,titillated,08/0802601/0802601S3Vtitillated.mov
0802601,P,T,titillated,08/0802601/0802601P6Ttitillated.mov
0802701,S,V,refreshed,08/0802701/0802701S1Vrefreshed.mov
0802701,A,T,refreshed,08/0802701/0802701A5Trefreshed.mov
0802701,P,T,refreshed,08/0802701/0802701P4Trefreshed.mov
0802701,P,T,refreshed,08/0802701/0802701P6Trefreshed.mov
0802701,P,T,refreshed,08/0802701/0802701P5Trefreshed.mov
0802701,Z,T,refreshed,08/0802701/0802701Z5Trefreshed.mov
0802701,R,T,refreshed,08/0802701/0802701R6Trefreshed.mov
0802803,A,T,spirited,08/0802803/0802803A6Tspirited.mov
0802803,S,V,spirited,08/0802803/0802803S2Vspirited.mov
0802803,U,T,spirited,08/0802803/0802803U5Tspirited.mov
0802803,Z,T,spirited,08/0802803/0802803Z6Tspirited.mov
0802803,R,T,spirited,08/0802803/0802803R6Tspirited.mov
0802803,U,T,spirited,08/0802803/0802803U6Tspirited.mov
0802803,P,T,spirited,08/0802803/0802803P3Tspirited.mov
0900101,S,V,absorbed,09/0900101/0900101S1Vabsorbed.mov
0900101,R,T,absorbed,09/0900101/0900101R6Tabsorbed.mov
0900101,P,T,absorbed,09/0900101/0900101P5Tabsorbed.mov
0900101,S,V,absorbed,09/0900101/0900101S2Vabsorbed.mov
0900101,U,T,absorbed,09/0900101/0900101U5Tabsorbed.mov
0900101,A,T,absorbed,09/0900101/0900101A6Tabsorbed.mov
0900101,P,T,absorbed,09/0900101/0900101P6Tabsorbed.mov
0900101,Z,T,absorbed,09/0900101/0900101Z6Tabsorbed.mov
0900201,S,V,asking,09/0900201/0900201S6Vasking.mov
0900201,R,T,asking,09/0900201/0900201R6Tasking.mov
0900201,U,T,asking,09/0900201/0900201U2Tasking.mov
0900201,Z,T,asking,09/0900201/0900201Z5Tasking.mov
0900201,U,T,asking,09/0900201/0900201U1Tasking.mov
0900201,P,T,asking,09/0900201/0900201P3Tasking.mov
0900201,P,T,asking,09/0900201/0900201P6Tasking.mov
0900504,P,T,fascinated,09/0900504/0900504P5Tfascinated.mov
0900504,P,T,fascinated,09/0900504/0900504P4Tfascinated.mov
0900504,P,T,fascinated,09/0900504/0900504P6Tfascinated.mov
0900504,S,V,fascinated,09/0900504/0900504S5Vfascinated.mov
0900504,R,T,fascinated,09/0900504/0900504R6Tfascinated.mov
0900504,U,T,fascinated,09/0900504/0900504U6Tfascinated.mov
0900504,U,T,fascinated,09/0900504/0900504U5Tfascinated.mov
0900701,U,T,concentrating,09/0900701/0900701U1Tconcentrating.mov
0900701,P,T,concentrating,09/0900701/0900701P5Tconcentrating.mov
0900701,U,T,concentrating,09/0900701/0900701U2Tconcentrating.mov
0900701,U,T,concentrating,09/0900701/0900701U6Tconcentrating.mov
0900701,Z,T,concentrating,09/0900701/0900701Z5Tconcentrating.mov
0900901,P,T,curious,09/0900901/0900901P3Tcurious.mov
0900901,P,T,curious,09/0900901/0900901P6Tcurious.mov
0900901,S,V,curious,09/0900901/0900901S2Vcurious.mov
0900901,S,V,curious,09/0900901/0900901S1Vcurious.mov
0900901,Z,T,curious,09/0900901/0900901Z6Tcurious.mov
0900901,P,T,curious,09/0900901/0900901P5Tcurious.mov
0900901,U,T,curious,09/0900901/0900901U5Tcurious.mov
0900901,R,T,curious,09/0900901/0900901R6Tcurious.mov
0901401,U,T,interested,09/0901401/0901401U2Tinterested.mov
0901401,Z,T,interested,09/0901401/0901401Z5Tinterested.mov
0901401,R,T,interested,09/0901401/0901401R6Tinterested.mov
0901401,A,T,interested,09/0901401/0901401A5Tinterested.mov
0901401,U,T,interested,09/0901401/0901401U1Tinterested.mov
0901401,P,T,interested,09/0901401/0901401P6Tinterested.mov
0901401,S,V,interested,09/0901401/0901401S5Vinterested.mov
0901701,U,T,listening,09/0901701/0901701U1Tlistening.mov
0901701,U,T,listening,09/0901701/0901701U5Tlistening.mov
0901701,U,T,listening,09/0901701/0901701U2Tlistening.mov
0901701,Z,T,listening,09/0901701/0901701Z6Tlistening.mov
0901701,P,T,listening,09/0901701/0901701P6Tlistening.mov
0901701,P,T,listening,09/0901701/0901701P3Tlistening.mov
0901701,S,V,listening,09/0901701/0901701S5Vlistening.mov
0902601,P,T,spellbound,09/0902601/0902601P6Tspellbound.mov
0902601,P,T,spellbound,09/0902601/0902601P5Tspellbound.mov
0902601,P,T,spellbound,09/0902601/0902601P4Tspellbound.mov
0902601,S,V,spellbound,09/0902601/0902601S6Vspellbound.mov
0902601,Z,T,spellbound,09/0902601/0902601Z5Tspellbound.mov
0902601,U,T,spellbound,09/0902601/0902601U5Tspellbound.mov
0902601,R,T,spellbound,09/0902601/0902601R6Tspellbound.mov
0902801,S,V,vigilant,09/0902801/0902801S3Vvigilant.mov
0902801,U,T,vigilant,09/0902801/0902801U5Tvigilant.mov
0902801,Z,T,vigilant,09/0902801/0902801Z5Tvigilant.mov
0902801,P,T,vigilant,09/0902801/0902801P5Tvigilant.mov
0902801,R,T,vigilant,09/0902801/0902801R6Tvigilant.mov
0902801,U,T,vigilant,09/0902801/0902801U6Tvigilant.mov
0902801,P,T,vigilant,09/0902801/0902801P4Tvigilant.mov
0902801,S,V,vigilant,09/0902801/0902801S6Vvigilant.mov
0902901,S,V,tempted,09/0902901/0902901S6Vtempted.mov
0902901,U,T,tempted,09/0902901/0902901U5Ttempted.mov
0902901,U,T,tempted,09/0902901/0902901U6Ttempted.mov
0902901,P,T,tempted,09/0902901/0902901P4Ttempted.mov
0902901,Z,T,tempted,09/0902901/0902901Z5Ttempted.mov
0902901,P,T,tempted,09/0902901/0902901P6Ttempted.mov
0902901,P,T,tempted,09/0902901/0902901P5Ttempted.mov
0903001,P,T,admiring,09/0903001/0903001P5Tadmiring.mov
0903001,R,T,admiring,09/0903001/0903001R6Tadmiring.mov
0903001,U,T,admiring,09/0903001/0903001U6Tadmiring.mov
0903001,S,V,admiring,09/0903001/0903001S6Vadmiring.mov
0903001,Z,T,admiring,09/0903001/0903001Z6Tadmiring.mov
0903001,P,T,admiring,09/0903001/0903001P6Tadmiring.mov
0903001,U,T,admiring,09/0903001/0903001U5Tadmiring.mov
0903001,S,V,admiring,09/0903001/0903001S5Vadmiring.mov
0903101,U,T,awed,09/0903101/0903101U5Tawed.mov
0903101,Z,T,awed,09/0903101/0903101Z6Tawed.mov
0903101,P,T,awed,09/0903101/0903101P6Tawed.mov
0903101,S,V,awed,09/0903101/0903101S5Vawed.mov
0903101,S,V,awed,09/0903101/0903101S4Vawed.mov
0903101,U,T,awed,09/0903101/0903101U6Tawed.mov
0903101,R,T,awed,09/0903101/0903101R6Tawed.mov
0903101,P,T,awed,09/0903101/0903101P5Tawed.mov
0903201,Z,T,impressed,09/0903201/0903201Z5Timpressed.mov
0903201,U,T,impressed,09/0903201/0903201U1Timpressed.mov
0903201,U,T,impressed,09/0903201/0903201U2Timpressed.mov
0903201,S,V,impressed,09/0903201/0903201S4Vimpressed.mov
0903201,R,T,impressed,09/0903201/0903201R6Timpressed.mov
0903201,P,T,impressed,09/0903201/0903201P6Timpressed.mov
0903201,S,V,impressed,09/0903201/0903201S1Vimpressed.mov
0903201,A,T,impressed,09/0903201/0903201A6Timpressed.mov
0903302,U,T,lured,09/0903302/0903302U6Tlured.mov
0903302,Z,T,lured,09/0903302/0903302Z6Tlured.mov
0903302,A,T,lured,09/0903302/0903302A6Tlured.mov
0903302,S,V,lured,09/0903302/0903302S5Vlured.mov
0903302,U,T,lured,09/0903302/0903302U5Tlured.mov
0903302,S,V,lured,09/0903302/0903302S2Vlured.mov
0903501,R,T,believing,09/0903501/0903501R6Tbelieving.mov
0903501,U,T,believing,09/0903501/0903501U2Tbelieving.mov
0903501,U,T,believing,09/0903501/0903501U5Tbelieving.mov
0903501,S,V,believing,09/0903501/0903501S2Vbelieving.mov
0903501,A,T,believing,09/0903501/0903501A5Tbelieving.mov
0903501,A,T,believing,09/0903501/0903501A6Tbelieving.mov
1000102,U,T,confused,10/1000102/1000102U2Tconfused.mov
1000102,S,V,confused,10/1000102/1000102S5Vconfused.mov
1000102,Z,T,confused,10/1000102/1000102Z5Tconfused.mov
1000102,U,T,confused,10/1000102/1000102U1Tconfused.mov
1000102,U,T,confused,10/1000102/1000102U6Tconfused.mov
1000102,R,T,confused,10/1000102/1000102R6Tconfused.mov
1000201,R,T,ambivalent,10/1000201/1000201R6Tambivalent.mov
1000201,Z,T,ambivalent,10/1000201/1000201Z6Tambivalent.mov
1000201,U,T,ambivalent,10/1000201/1000201U6Tambivalent.mov
1000201,U,T,ambivalent,10/1000201/1000201U5Tambivalent.mov
1000201,P,T,ambivalent,10/1000201/1000201P5Tambivalent.mov
1000201,S,V,ambivalent,10/1000201/1000201S6Vambivalent.mov
1000201,S,V,ambivalent,10/1000201/1000201S3Vambivalent.mov
1000303,U,T,shy,10/1000303/1000303U2Tshy.mov
1000303,S,V,shy,10/1000303/1000303S1Vshy.mov
1000303,S,V,shy,10/1000303/1000303S2Vshy.mov
1000303,U,T,shy,10/1000303/1000303U1Tshy.mov
1000303,W,T,shy,10/1000303/1000303W6Tshy.mov
1000303,U,T,shy,10/1000303/1000303U5Tshy.mov
1000303,U,T,shy,10/1000303/1000303U6Tshy.mov
1000501,U,T,clueless,10/1000501/1000501U1Tclueless.mov
1000501,U,T,clueless,10/1000501/1000501U6Tclueless.mov
1000501,S,V,clueless,10/1000501/1000501S6Vclueless.mov
1000501,Z,T,clueless,10/1000501/1000501Z5Tclueless.mov
1000501,U,T,clueless,10/1000501/1000501U2Tclueless.mov
1000501,U,T,clueless,10/1000501/1000501U5Tclueless.mov
1000501,S,V,clueless,10/1000501/1000501S3Vclueless.mov
1000803,P,T,modest,10/1000803/1000803P5Tmodest.mov
1000803,S,V,modest,10/1000803/1000803S3Vmodest.mov
1000803,R,T,modest,10/1000803/1000803R6Tmodest.mov
1000803,U,T,modest,10/1000803/1000803U5Tmodest.mov
1000803,U,T,modest,10/1000803/1000803U6Tmodest.mov
1000803,P,T,modest,10/1000803/1000803P6Tmodest.mov
1000803,A,T,modest,10/1000803/1000803A5Tmodest.mov
1001002,Z,T,insecure,10/1001002/1001002Z6Tinsecure.mov
1001002,U,T,insecure,10/1001002/1001002U5Tinsecure.mov
1001002,P,T,insecure,10/1001002/1001002P6Tinsecure.mov
1001002,P,T,insecure,10/1001002/1001002P3Tinsecure.mov
1001002,S,V,insecure,10/1001002/1001002S1Vinsecure.mov
1001002,S,V,insecure,10/1001002/1001002S6Vinsecure.mov
1001002,P,T,insecure,10/1001002/1001002P5Tinsecure.mov
1001002,R,T,insecure,10/1001002/1001002R6Tinsecure.mov
1001503,P,T,silly,10/1001503/1001503P5Tsilly.mov
1001503,Z,T,silly,10/1001503/1001503Z6Tsilly.mov
1001503,S,V,silly,10/1001503/1001503S6Vsilly.mov
1001503,A,T,silly,10/1001503/1001503A6Tsilly.mov
1001503,R,T,silly,10/1001503/1001503R6Tsilly.mov
1001901,S,V,hesitant,10/1001901/1001901S3Vhesitant.mov
1001901,S,V,hesitant,10/1001901/1001901S2Vhesitant.mov
1001901,U,T,hesitant,10/1001901/1001901U5Thesitant.mov
1001901,R,T,hesitant,10/1001901/1001901R6Thesitant.mov
1001901,P,T,hesitant,10/1001901/1001901P5Thesitant.mov
1001901,U,T,hesitant,10/1001901/1001901U6Thesitant.mov
1001901,Z,T,hesitant,10/1001901/1001901Z5Thesitant.mov
1002201,P,T,humble,10/1002201/1002201P3Thumble.mov
1002201,P,T,humble,10/1002201/1002201P6Thumble.mov
1002201,Z,T,humble,10/1002201/1002201Z6Thumble.mov
1002201,S,V,humble,10/1002201/1002201S6Vhumble.mov
1002201,P,T,humble,10/1002201/1002201P5Thumble.mov
1002201,U,T,humble,10/1002201/1002201U5Thumble.mov
1002201,R,T,humble,10/1002201/1002201R6Thumble.mov
1002201,S,V,humble,10/1002201/1002201S3Vhumble.mov
1002301,U,T,inadequate,10/1002301/1002301U6Tinadequate.mov
1002301,U,T,inadequate,10/1002301/1002301U5Tinadequate.mov
1002301,Z,T,inadequate,10/1002301/1002301Z5Tinadequate.mov
1002301,P,T,inadequate,10/1002301/1002301P5Tinadequate.mov
1002301,S,V,inadequate,10/1002301/1002301S5Vinadequate.mov
1002301,S,V,inadequate,10/1002301/1002301S2Vinadequate.mov
1002301,P,T,inadequate,10/1002301/1002301P6Tinadequate.mov
1003301,S,V,reluctant,10/1003301/1003301S6Vreluctant.mov
1003301,Z,T,reluctant,10/1003301/1003301Z5Treluctant.mov
1003301,U,T,reluctant,10/1003301/1003301U5Treluctant.mov
1003301,U,T,reluctant,10/1003301/1003301U6Treluctant.mov
1003301,R,T,reluctant,10/1003301/1003301R6Treluctant.mov
1003301,P,T,reluctant,10/1003301/1003301P6Treluctant.mov
1003301,P,T,reluctant,10/1003301/1003301P5Treluctant.mov
1003401,Z,T,self-conscious,10/1003401/1003401Z6Tself-conscious.mov
1003401,P,T,self-conscious,10/1003401/1003401P3Tself-conscious.mov
1003401,S,V,self-conscious,10/1003401/1003401S6Vself-conscious.mov
1003401,P,T,self-conscious,10/1003401/1003401P5Tself-conscious.mov
1003401,P,T,self-conscious,10/1003401/1003401P6Tself-conscious.mov
1003401,U,T,self-conscious,10/1003401/1003401U5Tself-conscious.mov
1003401,R,T,self-conscious,10/1003401/1003401R6Tself-conscious.mov
1003401,S,V,self-conscious,10/1003401/1003401S1Vself-conscious.mov
1003501,Z,T,self-deprecating,10/1003501/1003501Z5Tself-deprecating.mov
1003501,U,T,self-deprecating,10/1003501/1003501U6Tself-deprecating.mov
1003501,P,T,self-deprecating,10/1003501/1003501P5Tself-deprecating.mov
1003501,S,V,self-deprecating,10/1003501/1003501S3Vself-deprecating.mov
1003501,P,T,self-deprecating,10/1003501/1003501P6Tself-deprecating.mov
1003501,U,T,self-deprecating,10/1003501/1003501U5Tself-deprecating.mov
1003802,U,T,unsure,10/1003802/1003802U6Tunsure.mov
1003802,S,V,unsure,10/1003802/1003802S5Vunsure.mov
1003802,Z,T,unsure,10/1003802/1003802Z6Tunsure.mov
1003802,U,T,unsure,10/1003802/1003802U1Tunsure.mov
1003802,U,T,unsure,10/1003802/1003802U2Tunsure.mov
1003802,P,T,unsure,10/1003802/1003802P5Tunsure.mov
1003802,U,T,unsure,10/1003802/1003802U5Tunsure.mov
1003901,Z,T,uncomfortable,10/1003901/1003901Z6Tuncomfortable.mov
1003901,U,T,uncomfortable,10/1003901/1003901U2Tuncomfortable.mov
1003901,U,T,uncomfortable,10/1003901/1003901U5Tuncomfortable.mov
1003901,P,T,uncomfortable,10/1003901/1003901P6Tuncomfortable.mov
1003901,P,T,uncomfortable,10/1003901/1003901P3Tuncomfortable.mov
1003901,U,T,uncomfortable,10/1003901/1003901U1Tuncomfortable.mov
1004001,S,V,undecided,10/1004001/1004001S1Vundecided.mov
1004001,U,T,undecided,10/1004001/1004001U5Tundecided.mov
1004001,U,T,undecided,10/1004001/1004001U6Tundecided.mov
1004001,R,T,undecided,10/1004001/1004001R6Tundecided.mov
1004001,Z,T,undecided,10/1004001/1004001Z6Tundecided.mov
1004001,P,T,undecided,10/1004001/1004001P6Tundecided.mov
1004001,P,T,undecided,10/1004001/1004001P5Tundecided.mov
1004201,R,T,so-so,10/1004201/1004201R6Tso-so.mov
1004201,Z,T,so-so,10/1004201/1004201Z6Tso-so.mov
1004201,S,V,so-so,10/1004201/1004201S1Vso-so.mov
1004201,U,T,so-so,10/1004201/1004201U6Tso-so.mov
1004201,S,V,so-so,10/1004201/1004201S4Vso-so.mov
1004201,P,T,so-so,10/1004201/1004201P5Tso-so.mov
1004201,U,T,so-so,10/1004201/1004201U5Tso-so.mov
1004201,P,T,so-so,10/1004201/1004201P3Tso-so.mov
1004301,P,T,mystified,10/1004301/1004301P3Tmystified.mov
1004301,A,T,mystified,10/1004301/1004301A5Tmystified.mov
1004301,S,V,mystified,10/1004301/1004301S5Vmystified.mov
1004301,U,T,mystified,10/1004301/1004301U6Tmystified.mov
1004301,Z,T,mystified,10/1004301/1004301Z6Tmystified.mov
1004301,R,T,mystified,10/1004301/1004301R6Tmystified.mov
1004301,U,T,mystified,10/1004301/1004301U5Tmystified.mov
1004402,U,T,puzzled,10/1004402/1004402U2Tpuzzled.mov
1004402,P,T,puzzled,10/1004402/1004402P5Tpuzzled.mov
1004402,Z,T,puzzled,10/1004402/1004402Z6Tpuzzled.mov
1004402,U,T,puzzled,10/1004402/1004402U1Tpuzzled.mov
1004402,U,T,puzzled,10/1004402/1004402U6Tpuzzled.mov
1004402,S,V,puzzled,10/1004402/1004402S6Vpuzzled.mov
1004402,U,T,puzzled,10/1004402/1004402U5Tpuzzled.mov
1004501,P,T,baffled,10/1004501/1004501P6Tbaffled.mov
1004501,Z,T,baffled,10/1004501/1004501Z5Tbaffled.mov
1004501,P,T,baffled,10/1004501/1004501P5Tbaffled.mov
1004501,U,T,baffled,10/1004501/1004501U5Tbaffled.mov
1004501,S,V,baffled,10/1004501/1004501S3Vbaffled.mov
1004501,R,T,baffled,10/1004501/1004501R6Tbaffled.mov
1004501,U,T,baffled,10/1004501/1004501U6Tbaffled.mov
1004601,P,T,deferential,10/1004601/1004601P5Tdeferential.mov
1004601,R,T,deferential,10/1004601/1004601R6Tdeferential.mov
1004601,P,T,deferential,10/1004601/1004601P3Tdeferential.mov
1004601,U,T,deferential,10/1004601/1004601U5Tdeferential.mov
1004601,U,T,deferential,10/1004601/1004601U6Tdeferential.mov
1004601,S,V,deferential,10/1004601/1004601S4Vdeferential.mov
1004601,S,V,deferential,10/1004601/1004601S3Vdeferential.mov
1004601,Z,T,deferential,10/1004601/1004601Z6Tdeferential.mov
1004701,R,T,subservient,10/1004701/1004701R6Tsubservient.mov
1004701,S,V,subservient,10/1004701/1004701S6Vsubservient.mov
1004701,P,T,subservient,10/1004701/1004701P5Tsubservient.mov
1004701,U,T,subservient,10/1004701/1004701U5Tsubservient.mov
1004701,P,T,subservient,10/1004701/1004701P4Tsubservient.mov
1004701,P,T,subservient,10/1004701/1004701P6Tsubservient.mov
1004701,U,T,subservient,10/1004701/1004701U6Tsubservient.mov
1004802,P,T,bewildered,10/1004802/1004802P3Tbewildered.mov
1004802,P,T,bewildered,10/1004802/1004802P6Tbewildered.mov
1004802,Z,T,bewildered,10/1004802/1004802Z6Tbewildered.mov
1004802,U,T,bewildered,10/1004802/1004802U6Tbewildered.mov
1004802,U,T,bewildered,10/1004802/1004802U5Tbewildered.mov
1004901,U,T,bemused,10/1004901/1004901U6Tbemused.mov
1004901,U,T,bemused,10/1004901/1004901U5Tbemused.mov
1004901,P,T,bemused,10/1004901/1004901P5Tbemused.mov
1004901,P,T,bemused,10/1004901/1004901P6Tbemused.mov
1005001,Z,T,disorientated,10/1005001/1005001Z5Tdisorientated.mov
1005001,S,V,disorientated,10/1005001/1005001S6Vdisorientated.mov
1005001,U,T,disorientated,10/1005001/1005001U6Tdisorientated.mov
1005001,P,T,disorientated,10/1005001/1005001P5Tdisorientated.mov
1005001,P,T,disorientated,10/1005001/1005001P6Tdisorientated.mov
1005001,A,T,disorientated,10/1005001/1005001A5Tdisorientated.mov
1100102,U,T,horrified,11/1100102/1100102U1Thorrified.mov
1100102,U,T,horrified,11/1100102/1100102U2Thorrified.mov
1100102,U,T,horrified,11/1100102/1100102U6Thorrified.mov
1100102,R,T,horrified,11/1100102/1100102R6Thorrified.mov
1100102,P,T,horrified,11/1100102/1100102P6Thorrified.mov
1100208,U,T,shocked,11/1100208/1100208U1Tshocked.mov
1100208,Z,T,shocked,11/1100208/1100208Z5Tshocked.mov
1100208,P,T,shocked,11/1100208/1100208P5Tshocked.mov
1100208,U,T,shocked,11/1100208/1100208U2Tshocked.mov
1100208,R,T,shocked,11/1100208/1100208R6Tshocked.mov
1100208,U,T,shocked,11/1100208/1100208U6Tshocked.mov
1100601,U,T,dazed,11/1100601/1100601U5Tdazed.mov
1100601,P,T,dazed,11/1100601/1100601P3Tdazed.mov
1100601,P,T,dazed,11/1100601/1100601P5Tdazed.mov
1100601,Z,T,dazed,11/1100601/1100601Z6Tdazed.mov
1100601,U,T,dazed,11/1100601/1100601U6Tdazed.mov
1100601,P,T,dazed,11/1100601/1100601P6Tdazed.mov
1101101,P,T,scandalized,11/1101101/1101101P6Tscandalized.mov
1101101,U,T,scandalized,11/1101101/1101101U6Tscandalized.mov
1101101,S,V,scandalized,11/1101101/1101101S3Vscandalized.mov
1101101,P,T,scandalized,11/1101101/1101101P5Tscandalized.mov
1101101,R,T,scandalized,11/1101101/1101101R6Tscandalized.mov
1101101,Z,T,scandalized,11/1101101/1101101Z5Tscandalized.mov
1101101,U,T,scandalized,11/1101101/1101101U5Tscandalized.mov
1101201,U,T,startled,11/1101201/1101201U6Tstartled.mov
1101201,P,T,startled,11/1101201/1101201P5Tstartled.mov
1101201,R,T,startled,11/1101201/1101201R6Tstartled.mov
1101201,Z,T,startled,11/1101201/1101201Z6Tstartled.mov
1101201,U,T,startled,11/1101201/1101201U5Tstartled.mov
1101201,S,V,startled,11/1101201/1101201S3Vstartled.mov
1101301,P,T,surprised,11/1101301/1101301P6Tsurprised.mov
1101301,U,T,surprised,11/1101301/1101301U5Tsurprised.mov
1101301,U,T,surprised,11/1101301/1101301U1Tsurprised.mov
1101301,Z,T,surprised,11/1101301/1101301Z6Tsurprised.mov
1101301,U,T,surprised,11/1101301/1101301U2Tsurprised.mov
1101301,S,V,surprised,11/1101301/1101301S1Vsurprised.mov
1101301,P,T,surprised,11/1101301/1101301P3Tsurprised.mov
1101401,P,T,appalled,11/1101401/1101401P6Tappalled.mov
1101401,S,V,appalled,11/1101401/1101401S2Vappalled.mov
1101401,S,V,appalled,11/1101401/1101401S5Vappalled.mov
1101401,Z,T,appalled,11/1101401/1101401Z6Tappalled.mov
1101401,P,T,appalled,11/1101401/1101401P5Tappalled.mov
1101401,A,T,appalled,11/1101401/1101401A5Tappalled.mov
1101401,R,T,appalled,11/1101401/1101401R6Tappalled.mov
1101401,P,T,appalled,11/1101401/1101401P3Tappalled.mov
1101501,P,T,wonder,11/1101501/1101501P6Twonder.mov
1101501,P,T,wonder,11/1101501/1101501P4Twonder.mov
1101501,Z,T,wonder,11/1101501/1101501Z5Twonder.mov
1101501,U,T,wonder,11/1101501/1101501U5Twonder.mov
1101501,R,T,wonder,11/1101501/1101501R6Twonder.mov
1101501,P,T,wonder,11/1101501/1101501P5Twonder.mov
1200102,S,V,deserted,12/1200102/1200102S3Vdeserted.mov
1200102,P,T,deserted,12/1200102/1200102P6Tdeserted.mov
1200102,S,V,deserted,12/1200102/1200102S2Vdeserted.mov
1200102,U,T,deserted,12/1200102/1200102U5Tdeserted.mov
1200102,R,T,deserted,12/1200102/1200102R6Tdeserted.mov
1200102,P,T,deserted,12/1200102/1200102P5Tdeserted.mov
1200102,U,T,deserted,12/1200102/1200102U6Tdeserted.mov
1200102,Z,T,deserted,12/1200102/1200102Z5Tdeserted.mov
1200407,U,T,hated,12/1200407/1200407U2Thated.mov
1200407,A,T,hated,12/1200407/1200407A5Thated.mov
1200407,U,T,hated,12/1200407/1200407U6Thated.mov
1200407,P,T,hated,12/1200407/1200407P6Thated.mov
1200407,R,T,hated,12/1200407/1200407R6Thated.mov
1200501,P,T,abused,12/1200501/1200501P6Tabused.mov
1200501,U,T,abused,12/1200501/1200501U6Tabused.mov
1200501,Z,T,abused,12/1200501/1200501Z5Tabused.mov
1200501,S,V,abused,12/1200501/1200501S4Vabused.mov
1200501,S,V,abused,12/1200501/1200501S3Vabused.mov
1200501,R,T,abused,12/1200501/1200501R6Tabused.mov
1200501,U,T,abused,12/1200501/1200501U5Tabused.mov
1200501,P,T,abused,12/1200501/1200501P5Tabused.mov
1200602,P,T,blamed,12/1200602/1200602P5Tblamed.mov
1200602,Z,T,blamed,12/1200602/1200602Z5Tblamed.mov
1200602,S,V,blamed,12/1200602/1200602S1Vblamed.mov
1200602,U,T,blamed,12/1200602/1200602U2Tblamed.mov
1200602,U,T,blamed,12/1200602/1200602U1Tblamed.mov
1200602,U,T,blamed,12/1200602/1200602U6Tblamed.mov
1200901,P,T,aggrieved,12/1200901/1200901P3Taggrieved.mov
1200901,S,V,aggrieved,12/1200901/1200901S6Vaggrieved.mov
1200901,S,V,aggrieved,12/1200901/1200901S1Vaggrieved.mov
1200901,R,T,aggrieved,12/1200901/1200901R6Taggrieved.mov
1200901,Z,T,aggrieved,12/1200901/1200901Z6Taggrieved.mov
1200901,U,T,aggrieved,12/1200901/1200901U5Taggrieved.mov
1200901,P,T,aggrieved,12/1200901/1200901P5Taggrieved.mov
1200901,P,T,aggrieved,12/1200901/1200901P6Taggrieved.mov
1201202,P,T,attacked,12/1201202/1201202P6Tattacked.mov
1201202,U,T,attacked,12/1201202/1201202U2Tattacked.mov
1201202,U,T,attacked,12/1201202/1201202U5Tattacked.mov
1201202,S,V,attacked,12/1201202/1201202S6Vattacked.mov
1201202,U,T,attacked,12/1201202/1201202U1Tattacked.mov
1201202,U,T,attacked,12/1201202/1201202U6Tattacked.mov
1201202,Z,T,attacked,12/1201202/1201202Z5Tattacked.mov
1201301,U,T,battered,12/1201301/1201301U6Tbattered.mov
1201301,A,T,battered,12/1201301/1201301A5Tbattered.mov
1201301,Z,T,battered,12/1201301/1201301Z5Tbattered.mov
1201301,U,T,battered,12/1201301/1201301U5Tbattered.mov
1201301,S,V,battered,12/1201301/1201301S4Vbattered.mov
1201301,P,T,battered,12/1201301/1201301P6Tbattered.mov
1201602,U,T,contradicted,12/1201602/1201602U6Tcontradicted.mov
1201602,P,T,contradicted,12/1201602/1201602P6Tcontradicted.mov
1201602,R,T,contradicted,12/1201602/1201602R6Tcontradicted.mov
1201602,S,V,contradicted,12/1201602/1201602S2Vcontradicted.mov
1201602,S,V,contradicted,12/1201602/1201602S3Vcontradicted.mov
1201602,P,T,contradicted,12/1201602/1201602P5Tcontradicted.mov
1201602,U,T,contradicted,12/1201602/1201602U5Tcontradicted.mov
1201701,P,T,belittled,12/1201701/1201701P3Tbelittled.mov
1201701,A,T,belittled,12/1201701/1201701A5Tbelittled.mov
1201701,S,V,belittled,12/1201701/1201701S6Vbelittled.mov
1201701,U,T,belittled,12/1201701/1201701U6Tbelittled.mov
1201701,Z,T,belittled,12/1201701/1201701Z6Tbelittled.mov
1201701,P,T,belittled,12/1201701/1201701P5Tbelittled.mov
1201801,P,T,betrayed,12/1201801/1201801P6Tbetrayed.mov
1201801,U,T,betrayed,12/1201801/1201801U5Tbetrayed.mov
1201801,Z,T,betrayed,12/1201801/1201801Z5Tbetrayed.mov
1201801,P,T,betrayed,12/1201801/1201801P5Tbetrayed.mov
1201801,R,T,betrayed,12/1201801/1201801R6Tbetrayed.mov
1201801,U,T,betrayed,12/1201801/1201801U6Tbetrayed.mov
1201801,S,V,betrayed,12/1201801/1201801S6Vbetrayed.mov
1201901,U,T,broken,12/1201901/1201901U5Tbroken.mov
1201901,U,T,broken,12/1201901/1201901U2Tbroken.mov
1201901,U,T,broken,12/1201901/1201901U1Tbroken.mov
1201901,S,V,broken,12/1201901/1201901S2Vbroken.mov
1201901,Z,T,broken,12/1201901/1201901Z6Tbroken.mov
1201901,P,T,broken,12/1201901/1201901P6Tbroken.mov
1201901,P,T,broken,12/1201901/1201901P3Tbroken.mov
1202102,U,T,downtrodden,12/1202102/1202102U5Tdowntrodden.mov
1202102,P,T,downtrodden,12/1202102/1202102P3Tdowntrodden.mov
1202102,P,T,downtrodden,12/1202102/1202102P5Tdowntrodden.mov
1202102,Z,T,downtrodden,12/1202102/1202102Z6Tdowntrodden.mov
1202102,S,V,downtrodden,12/1202102/1202102S3Vdowntrodden.mov
1202102,U,T,downtrodden,12/1202102/1202102U6Tdowntrodden.mov
1202102,P,T,downtrodden,12/1202102/1202102P6Tdowntrodden.mov
1202102,S,V,downtrodden,12/1202102/1202102S2Vdowntrodden.mov
1202201,U,T,bullied,12/1202201/1202201U1Tbullied.mov
1202201,Z,T,bullied,12/1202201/1202201Z5Tbullied.mov
1202201,U,T,bullied,12/1202201/1202201U2Tbullied.mov
1202201,U,T,bullied,12/1202201/1202201U5Tbullied.mov
1202201,S,V,bullied,12/1202201/1202201S3Vbullied.mov
1202201,A,T,bullied,12/1202201/1202201A5Tbullied.mov
1202301,U,T,cheated,12/1202301/1202301U1Tcheated.mov
1202301,S,V,cheated,12/1202301/1202301S4Vcheated.mov
1202301,P,T,cheated,12/1202301/1202301P5Tcheated.mov
1202301,U,T,cheated,12/1202301/1202301U2Tcheated.mov
1202301,U,T,cheated,12/1202301/1202301U6Tcheated.mov
1202301,R,T,cheated,12/1202301/1202301R6Tcheated.mov
1202402,P,T,compelled,12/1202402/1202402P5Tcompelled.mov
1202402,P,T,compelled,12/1202402/1202402P6Tcompelled.mov
1202402,R,T,compelled,12/1202402/1202402R6Tcompelled.mov
1202402,U,T,compelled,12/1202402/1202402U6Tcompelled.mov
1202402,U,T,compelled,12/1202402/1202402U5Tcompelled.mov
1202402,S,V,compelled,12/1202402/1202402S3Vcompelled.mov
1202402,S,V,compelled,12/1202402/1202402S6Vcompelled.mov
1202402,P,T,compelled,12/1202402/1202402P4Tcompelled.mov
1202701,P,T,confronted,12/1202701/1202701P5Tconfronted.mov
1202701,S,V,confronted,12/1202701/1202701S3Vconfronted.mov
1202701,P,T,confronted,12/1202701/1202701P6Tconfronted.mov
1202701,U,T,confronted,12/1202701/1202701U6Tconfronted.mov
1202701,Z,T,confronted,12/1202701/1202701Z6Tconfronted.mov
1202701,U,T,confronted,12/1202701/1202701U5Tconfronted.mov
1202801,U,T,corrected,12/1202801/1202801U5Tcorrected.mov
1202801,U,T,corrected,12/1202801/1202801U6Tcorrected.mov
1202801,P,T,corrected,12/1202801/1202801P6Tcorrected.mov
1202801,P,T,corrected,12/1202801/1202801P5Tcorrected.mov
1202801,S,V,corrected,12/1202801/1202801S1Vcorrected.mov
1202901,U,T,criticized,12/1202901/1202901U5Tcriticized.mov
1202901,U,T,criticized,12/1202901/1202901U6Tcriticized.mov
1202901,Z,T,criticized,12/1202901/1202901Z6Tcriticized.mov
1202901,P,T,criticized,12/1202901/1202901P6Tcriticized.mov
1202901,S,V,criticized,12/1202901/1202901S5Vcriticized.mov
1202901,S,V,criticized,12/1202901/1202901S2Vcriticized.mov
1202901,P,T,criticized,12/1202901/1202901P5Tcriticized.mov
1203001,P,T,deflated,12/1203001/1203001P5Tdeflated.mov
1203001,R,T,deflated,12/1203001/1203001R6Tdeflated.mov
1203001,U,T,deflated,12/1203001/1203001U6Tdeflated.mov
1203001,S,V,deflated,12/1203001/1203001S6Vdeflated.mov
1203001,Z,T,deflated,12/1203001/1203001Z5Tdeflated.mov
1203001,P,T,deflated,12/1203001/1203001P6Tdeflated.mov
1203001,U,T,deflated,12/1203001/1203001U5Tdeflated.mov
1203001,S,V,deflated,12/1203001/1203001S5Vdeflated.mov
1203101,P,T,demoralized,12/1203101/1203101P6Tdemoralized.mov
1203101,S,V,demoralized,12/1203101/1203101S2Vdemoralized.mov
1203101,Z,T,demoralized,12/1203101/1203101Z6Tdemoralized.mov
1203101,A,T,demoralized,12/1203101/1203101A6Tdemoralized.mov
1203101,S,V,demoralized,12/1203101/1203101S1Vdemoralized.mov
1203101,R,T,demoralized,12/1203101/1203101R6Tdemoralized.mov
1203101,P,T,demoralized,12/1203101/1203101P5Tdemoralized.mov
1203101,U,T,demoralized,12/1203101/1203101U5Tdemoralized.mov
1203301,P,T,disbelieved,12/1203301/1203301P6Tdisbelieved.mov
1203301,S,V,disbelieved,12/1203301/1203301S2Vdisbelieved.mov
1203301,U,T,disbelieved,12/1203301/1203301U1Tdisbelieved.mov
1203301,U,T,disbelieved,12/1203301/1203301U6Tdisbelieved.mov
1203301,U,T,disbelieved,12/1203301/1203301U5Tdisbelieved.mov
1203301,Z,T,disbelieved,12/1203301/1203301Z5Tdisbelieved.mov
1203301,U,T,disbelieved,12/1203301/1203301U2Tdisbelieved.mov
1203501,A,T,discredited,12/1203501/1203501A6Tdiscredited.mov
1203501,W,T,discredited,12/1203501/1203501W6Tdiscredited.mov
1203501,Z,T,discredited,12/1203501/1203501Z5Tdiscredited.mov
1203501,U,T,discredited,12/1203501/1203501U5Tdiscredited.mov
1203501,P,T,discredited,12/1203501/1203501P5Tdiscredited.mov
1203501,S,V,discredited,12/1203501/1203501S1Vdiscredited.mov
1203701,U,T,disliked,12/1203701/1203701U2Tdisliked.mov
1203701,U,T,disliked,12/1203701/1203701U5Tdisliked.mov
1203701,Z,T,disliked,12/1203701/1203701Z6Tdisliked.mov
1203701,P,T,disliked,12/1203701/1203701P5Tdisliked.mov
1203701,U,T,disliked,12/1203701/1203701U1Tdisliked.mov
1203701,U,T,disliked,12/1203701/1203701U6Tdisliked.mov
1203901,P,T,disrespected,12/1203901/1203901P3Tdisrespected.mov
1203901,U,T,disrespected,12/1203901/1203901U6Tdisrespected.mov
1203901,U,T,disrespected,12/1203901/1203901U2Tdisrespected.mov
1203901,P,T,disrespected,12/1203901/1203901P5Tdisrespected.mov
1203901,U,T,disrespected,12/1203901/1203901U1Tdisrespected.mov
1203901,S,V,disrespected,12/1203901/1203901S2Vdisrespected.mov
1204103,Z,T,ignored,12/1204103/1204103Z6Tignored.mov
1204103,U,T,ignored,12/1204103/1204103U2Tignored.mov
1204103,P,T,ignored,12/1204103/1204103P3Tignored.mov
1204103,U,T,ignored,12/1204103/1204103U1Tignored.mov
1204103,S,V,ignored,12/1204103/1204103S5Vignored.mov
1204103,A,T,ignored,12/1204103/1204103A6Tignored.mov
1204103,U,T,ignored,12/1204103/1204103U5Tignored.mov
1204201,A,T,exploited,12/1204201/1204201A6Texploited.mov
1204201,S,V,exploited,12/1204201/1204201S1Vexploited.mov
1204201,A,T,exploited,12/1204201/1204201A5Texploited.mov
1204201,S,V,exploited,12/1204201/1204201S4Vexploited.mov
1204201,U,T,exploited,12/1204201/1204201U6Texploited.mov
1204201,P,T,exploited,12/1204201/1204201P5Texploited.mov
1204401,S,V,hurt,12/1204401/1204401S3Vhurt.mov
1204401,P,T,hurt,12/1204401/1204401P6Thurt.mov
1204401,U,T,hurt,12/1204401/1204401U2Thurt.mov
1204401,P,T,hurt,12/1204401/1204401P3Thurt.mov
1204401,Z,T,hurt,12/1204401/1204401Z5Thurt.mov
1204401,U,T,hurt,12/1204401/1204401U1Thurt.mov
1204401,R,T,hurt,12/1204401/1204401R6Thurt.mov
1204401,S,V,hurt,12/1204401/1204401S6Vhurt.mov
1205501,P,T,neglected,12/1205501/1205501P3Tneglected.mov
1205501,S,V,neglected,12/1205501/1205501S1Vneglected.mov
1205501,U,T,neglected,12/1205501/1205501U5Tneglected.mov
1205501,U,T,neglected,12/1205501/1205501U6Tneglected.mov
1205501,Z,T,neglected,12/1205501/1205501Z6Tneglected.mov
1205501,S,V,neglected,12/1205501/1205501S4Vneglected.mov
1205501,P,T,neglected,12/1205501/1205501P6Tneglected.mov
1205501,P,T,neglected,12/1205501/1205501P5Tneglected.mov
1205601,U,T,offended,12/1205601/1205601U5Toffended.mov
1205601,P,T,offended,12/1205601/1205601P6Toffended.mov
1205601,S,V,offended,12/1205601/1205601S3Voffended.mov
1205601,A,T,offended,12/1205601/1205601A6Toffended.mov
1205601,Z,T,offended,12/1205601/1205601Z5Toffended.mov
1205601,S,V,offended,12/1205601/1205601S6Voffended.mov
1205601,P,T,offended,12/1205601/1205601P5Toffended.mov
1205901,U,T,patronized,12/1205901/1205901U5Tpatronized.mov
1205901,Z,T,patronized,12/1205901/1205901Z6Tpatronized.mov
1205901,R,T,patronized,12/1205901/1205901R6Tpatronized.mov
1205901,S,V,patronized,12/1205901/1205901S5Vpatronized.mov
1205901,P,T,patronized,12/1205901/1205901P6Tpatronized.mov
1205901,P,T,patronized,12/1205901/1205901P3Tpatronized.mov
1205901,P,T,patronized,12/1205901/1205901P5Tpatronized.mov
1206101,U,T,scorned,12/1206101/1206101U6Tscorned.mov
1206101,U,T,scorned,12/1206101/1206101U5Tscorned.mov
1206101,S,V,scorned,12/1206101/1206101S4Vscorned.mov
1206101,P,T,scorned,12/1206101/1206101P5Tscorned.mov
1206101,Z,T,scorned,12/1206101/1206101Z6Tscorned.mov
1206301,U,T,terrorized,12/1206301/1206301U5Tterrorized.mov
1206301,U,T,terrorized,12/1206301/1206301U6Tterrorized.mov
1206301,Z,T,terrorized,12/1206301/1206301Z6Tterrorized.mov
1206301,R,T,terrorized,12/1206301/1206301R6Tterrorized.mov
1206301,S,V,terrorized,12/1206301/1206301S5Vterrorized.mov
1206301,P,T,terrorized,12/1206301/1206301P6Tterrorized.mov
1206301,P,T,terrorized,12/1206301/1206301P5Tterrorized.mov
1206501,P,T,tortured,12/1206501/1206501P3Ttortured.mov
1206501,R,T,tortured,12/1206501/1206501R6Ttortured.mov
1206501,P,T,tortured,12/1206501/1206501P5Ttortured.mov
1206501,Z,T,tortured,12/1206501/1206501Z6Ttortured.mov
1206501,S,V,tortured,12/1206501/1206501S5Vtortured.mov
1206501,U,T,tortured,12/1206501/1206501U5Ttortured.mov
1206501,S,V,tortured,12/1206501/1206501S4Vtortured.mov
1206501,P,T,tortured,12/1206501/1206501P6Ttortured.mov
1300201,U,T,adoring,13/1300201/1300201U1Tadoring.mov
1300201,S,V,adoring,13/1300201/1300201S2Vadoring.mov
1300201,P,T,adoring,13/1300201/1300201P5Tadoring.mov
1300201,Z,T,adoring,13/1300201/1300201Z6Tadoring.mov
1300201,U,T,adoring,13/1300201/1300201U2Tadoring.mov
1300201,U,T,adoring,13/1300201/1300201U5Tadoring.mov
1300201,U,T,adoring,13/1300201/1300201U6Tadoring.mov
1300401,Z,T,affectionate,13/1300401/1300401Z6Taffectionate.mov
1300401,S,V,affectionate,13/1300401/1300401S6Vaffectionate.mov
1300401,U,T,affectionate,13/1300401/1300401U5Taffectionate.mov
1300401,P,T,affectionate,13/1300401/1300401P5Taffectionate.mov
1300401,P,T,affectionate,13/1300401/1300401P6Taffectionate.mov
1300401,U,T,affectionate,13/1300401/1300401U6Taffectionate.mov
1300401,S,V,affectionate,13/1300401/1300401S1Vaffectionate.mov
1300401,R,T,affectionate,13/1300401/1300401R6Taffectionate.mov
1300501,P,T,affinity,13/1300501/1300501P6Taffinity.mov
1300501,S,V,affinity,13/1300501/1300501S5Vaffinity.mov
1300501,S,V,affinity,13/1300501/1300501S2Vaffinity.mov
1300501,U,T,affinity,13/1300501/1300501U5Taffinity.mov
1300501,Z,T,affinity,13/1300501/1300501Z5Taffinity.mov
1300501,R,T,affinity,13/1300501/1300501R6Taffinity.mov
1300501,P,T,affinity,13/1300501/1300501P5Taffinity.mov
1300501,U,T,affinity,13/1300501/1300501U6Taffinity.mov
1300701,P,T,cherishing,13/1300701/1300701P5Tcherishing.mov
1300701,S,V,cherishing,13/1300701/1300701S1Vcherishing.mov
1300701,P,T,cherishing,13/1300701/1300701P6Tcherishing.mov
1300701,R,T,cherishing,13/1300701/1300701R6Tcherishing.mov
1300701,A,T,cherishing,13/1300701/1300701A5Tcherishing.mov
1300701,U,T,cherishing,13/1300701/1300701U6Tcherishing.mov
1300701,Z,T,cherishing,13/1300701/1300701Z5Tcherishing.mov
1300801,P,T,close,13/1300801/1300801P6Tclose.mov
1300801,U,T,close,13/1300801/1300801U1Tclose.mov
1300801,Z,T,close,13/1300801/1300801Z6Tclose.mov
1300801,U,T,close,13/1300801/1300801U2Tclose.mov
1300801,P,T,close,13/1300801/1300801P3Tclose.mov
1300801,U,T,close,13/1300801/1300801U5Tclose.mov
1300901,S,V,devoted,13/1300901/1300901S2Vdevoted.mov
1300901,Z,T,devoted,13/1300901/1300901Z6Tdevoted.mov
1300901,P,T,devoted,13/1300901/1300901P5Tdevoted.mov
1300901,S,V,devoted,13/1300901/1300901S1Vdevoted.mov
1300901,U,T,devoted,13/1300901/1300901U5Tdevoted.mov
1300901,U,T,devoted,13/1300901/1300901U6Tdevoted.mov
1300901,R,T,devoted,13/1300901/1300901R6Tdevoted.mov
1301201,S,V,fond,13/1301201/1301201S5Vfond.mov
1301201,S,V,fond,13/1301201/1301201S4Vfond.mov
1301201,U,T,fond,13/1301201/1301201U2Tfond.mov
1301201,Z,T,fond,13/1301201/1301201Z6Tfond.mov
1301201,R,T,fond,13/1301201/1301201R6Tfond.mov
1301201,U,T,fond,13/1301201/1301201U1Tfond.mov
1301201,P,T,fond,13/1301201/1301201P3Tfond.mov
1301201,U,T,fond,13/1301201/1301201U6Tfond.mov
1301401,U,T,liking,13/1301401/1301401U6Tliking.mov
1301401,U,T,liking,13/1301401/1301401U1Tliking.mov
1301401,Z,T,liking,13/1301401/1301401Z5Tliking.mov
1301401,U,T,liking,13/1301401/1301401U2Tliking.mov
1301401,R,T,liking,13/1301401/1301401R6Tliking.mov
1301401,S,V,liking,13/1301401/1301401S3Vliking.mov
1301401,P,T,liking,13/1301401/1301401P5Tliking.mov
1301501,U,T,loving,13/1301501/1301501U1Tloving.mov
1301501,U,T,loving,13/1301501/1301501U6Tloving.mov
1301501,P,T,loving,13/1301501/1301501P6Tloving.mov
1301501,U,T,loving,13/1301501/1301501U5Tloving.mov
1301501,S,V,loving,13/1301501/1301501S3Vloving.mov
1301501,U,T,loving,13/1301501/1301501U2Tloving.mov
1301602,U,T,respectful,13/1301602/1301602U5Trespectful.mov
1301602,Z,T,respectful,13/1301602/1301602Z6Trespectful.mov
1301602,R,T,respectful,13/1301602/1301602R6Trespectful.mov
1301602,S,V,respectful,13/1301602/1301602S5Vrespectful.mov
1301602,P,T,respectful,13/1301602/1301602P6Trespectful.mov
1301602,S,V,respectful,13/1301602/1301602S6Vrespectful.mov
1301602,P,T,respectful,13/1301602/1301602P3Trespectful.mov
1301602,P,T,respectful,13/1301602/1301602P5Trespectful.mov
1301701,P,T,trusting,13/1301701/1301701P5Ttrusting.mov
1301701,A,T,trusting,13/1301701/1301701A5Ttrusting.mov
1301701,U,T,trusting,13/1301701/1301701U6Ttrusting.mov
1301701,U,T,trusting,13/1301701/1301701U1Ttrusting.mov
1301701,Z,T,trusting,13/1301701/1301701Z6Ttrusting.mov
1301701,U,T,trusting,13/1301701/1301701U2Ttrusting.mov
1400301,S,V,attracted,14/1400301/1400301S1Vattracted.mov
1400301,S,V,attracted,14/1400301/1400301S2Vattracted.mov
1400301,U,T,attracted,14/1400301/1400301U5Tattracted.mov
1400301,Z,T,attracted,14/1400301/1400301Z5Tattracted.mov
1400301,R,T,attracted,14/1400301/1400301R6Tattracted.mov
1400301,U,T,attracted,14/1400301/1400301U6Tattracted.mov
1400301,P,T,attracted,14/1400301/1400301P6Tattracted.mov
1400301,P,T,attracted,14/1400301/1400301P5Tattracted.mov
1400402,U,T,bewitched,14/1400402/1400402U5Tbewitched.mov
1400402,Z,T,bewitched,14/1400402/1400402Z6Tbewitched.mov
1400402,R,T,bewitched,14/1400402/1400402R6Tbewitched.mov
1400402,U,T,bewitched,14/1400402/1400402U6Tbewitched.mov
1400402,P,T,bewitched,14/1400402/1400402P6Tbewitched.mov
1400402,P,T,bewitched,14/1400402/1400402P5Tbewitched.mov
1400402,S,V,bewitched,14/1400402/1400402S2Vbewitched.mov
1400601,S,V,enticed,14/1400601/1400601S2Venticed.mov
1400601,Z,T,enticed,14/1400601/1400601Z5Tenticed.mov
1400601,P,T,enticed,14/1400601/1400601P6Tenticed.mov
1400601,P,T,enticed,14/1400601/1400601P5Tenticed.mov
1400601,U,T,enticed,14/1400601/1400601U5Tenticed.mov
1400601,P,T,enticed,14/1400601/1400601P4Tenticed.mov
1400601,S,V,enticed,14/1400601/1400601S5Venticed.mov
1400601,R,T,enticed,14/1400601/1400601R6Tenticed.mov
1400801,U,T,flirtatious,14/1400801/1400801U6Tflirtatious.mov
1400801,S,V,flirtatious,14/1400801/1400801S4Vflirtatious.mov
1400801,P,T,flirtatious,14/1400801/1400801P6Tflirtatious.mov
1400801,S,V,flirtatious,14/1400801/1400801S5Vflirtatious.mov
1400801,W,T,flirtatious,14/1400801/1400801W6Tflirtatious.mov
1400801,A,T,flirtatious,14/1400801/1400801A5Tflirtatious.mov
1400801,P,T,flirtatious,14/1400801/1400801P5Tflirtatious.mov
1400901,S,V,intimate,14/1400901/1400901S6Vintimate.mov
1400901,S,V,intimate,14/1400901/1400901S1Vintimate.mov
1400901,P,T,intimate,14/1400901/1400901P3Tintimate.mov
1400901,R,T,intimate,14/1400901/1400901R6Tintimate.mov
1400901,P,T,intimate,14/1400901/1400901P5Tintimate.mov
1400901,Z,T,intimate,14/1400901/1400901Z6Tintimate.mov
1400901,U,T,intimate,14/1400901/1400901U5Tintimate.mov
1400901,P,T,intimate,14/1400901/1400901P6Tintimate.mov
1401301,P,T,passionate,14/1401301/1401301P5Tpassionate.mov
1401301,S,V,passionate,14/1401301/1401301S4Vpassionate.mov
1401301,S,V,passionate,14/1401301/1401301S3Vpassionate.mov
1401301,R,T,passionate,14/1401301/1401301R6Tpassionate.mov
1401301,Z,T,passionate,14/1401301/1401301Z6Tpassionate.mov
1401301,U,T,passionate,14/1401301/1401301U6Tpassionate.mov
1401301,U,T,passionate,14/1401301/1401301U5Tpassionate.mov
1401401,Z,T,romantic,14/1401401/1401401Z5Tromantic.mov
1401401,A,T,romantic,14/1401401/1401401A5Tromantic.mov
1401401,R,T,romantic,14/1401401/1401401R6Tromantic.mov
1401401,U,T,romantic,14/1401401/1401401U6Tromantic.mov
1401401,S,V,romantic,14/1401401/1401401S4Vromantic.mov
1401501,U,T,seduced,14/1401501/1401501U5Tseduced.mov
1401501,R,T,seduced,14/1401501/1401501R6Tseduced.mov
1401501,U,T,seduced,14/1401501/1401501U6Tseduced.mov
1401501,P,T,seduced,14/1401501/1401501P6Tseduced.mov
1401501,S,V,seduced,14/1401501/1401501S2Vseduced.mov
1401501,S,V,seduced,14/1401501/1401501S1Vseduced.mov
1401501,P,T,seduced,14/1401501/1401501P5Tseduced.mov
1401601,P,T,seductive,14/1401601/1401601P3Tseductive.mov
1401601,S,V,seductive,14/1401601/1401601S1Vseductive.mov
1401601,U,T,seductive,14/1401601/1401601U5Tseductive.mov
1401601,S,V,seductive,14/1401601/1401601S4Vseductive.mov
1401601,R,T,seductive,14/1401601/1401601R6Tseductive.mov
1401601,U,T,seductive,14/1401601/1401601U6Tseductive.mov
1401601,P,T,seductive,14/1401601/1401601P6Tseductive.mov
1401601,P,T,seductive,14/1401601/1401601P5Tseductive.mov
1401703,U,T,attractive,14/1401703/1401703U6Tattractive.mov
1401703,U,T,attractive,14/1401703/1401703U5Tattractive.mov
1401703,Z,T,attractive,14/1401703/1401703Z5Tattractive.mov
1401703,S,V,attractive,14/1401703/1401703S6Vattractive.mov
1401703,P,T,attractive,14/1401703/1401703P4Tattractive.mov
1401703,P,T,attractive,14/1401703/1401703P5Tattractive.mov
1401703,S,V,attractive,14/1401703/1401703S3Vattractive.mov
1401703,P,T,attractive,14/1401703/1401703P6Tattractive.mov
1401801,P,T,entrancing,14/1401801/1401801P6Tentrancing.mov
1401801,S,V,entrancing,14/1401801/1401801S4Ventrancing.mov
1401801,P,T,entrancing,14/1401801/1401801P5Tentrancing.mov
1401801,P,T,entrancing,14/1401801/1401801P4Tentrancing.mov
1401801,Z,T,entrancing,14/1401801/1401801Z5Tentrancing.mov
1401801,U,T,entrancing,14/1401801/1401801U5Tentrancing.mov
1401801,R,T,entrancing,14/1401801/1401801R6Tentrancing.mov
1401901,Z,T,flattering,14/1401901/1401901Z5Tflattering.mov
1401901,U,T,flattering,14/1401901/1401901U5Tflattering.mov
1401901,R,T,flattering,14/1401901/1401901R6Tflattering.mov
1401901,P,T,flattering,14/1401901/1401901P6Tflattering.mov
1401901,S,V,flattering,14/1401901/1401901S1Vflattering.mov
1401901,S,V,flattering,14/1401901/1401901S6Vflattering.mov
1401901,P,T,flattering,14/1401901/1401901P4Tflattering.mov
1401901,P,T,flattering,14/1401901/1401901P5Tflattering.mov
1500701,Z,T,brooding,15/1500701/1500701Z6Tbrooding.mov
1500701,U,T,brooding,15/1500701/1500701U5Tbrooding.mov
1500701,A,T,brooding,15/1500701/1500701A6Tbrooding.mov
1500701,S,V,brooding,15/1500701/1500701S4Vbrooding.mov
1500701,P,T,brooding,15/1500701/1500701P3Tbrooding.mov
1500701,S,V,brooding,15/1500701/1500701S1Vbrooding.mov
1500701,P,T,brooding,15/1500701/1500701P5Tbrooding.mov
1500801,A,T,calculating,15/1500801/1500801A5Tcalculating.mov
1500801,Z,T,calculating,15/1500801/1500801Z5Tcalculating.mov
1500801,P,T,calculating,15/1500801/1500801P5Tcalculating.mov
1500801,U,T,calculating,15/1500801/1500801U6Tcalculating.mov
1500801,P,T,calculating,15/1500801/1500801P6Tcalculating.mov
1500801,S,V,calculating,15/1500801/1500801S2Vcalculating.mov
1500901,Z,T,choosing,15/1500901/1500901Z5Tchoosing.mov
1500901,S,V,choosing,15/1500901/1500901S6Vchoosing.mov
1500901,U,T,choosing,15/1500901/1500901U6Tchoosing.mov
1500901,U,T,choosing,15/1500901/1500901U1Tchoosing.mov
1500901,P,T,choosing,15/1500901/1500901P6Tchoosing.mov
1500901,U,T,choosing,15/1500901/1500901U5Tchoosing.mov
1500901,U,T,choosing,15/1500901/1500901U2Tchoosing.mov
1501004,P,T,thinking,15/1501004/1501004P5Tthinking.mov
1501004,U,T,thinking,15/1501004/1501004U1Tthinking.mov
1501004,U,T,thinking,15/1501004/1501004U6Tthinking.mov
1501004,S,V,thinking,15/1501004/1501004S1Vthinking.mov
1501004,U,T,thinking,15/1501004/1501004U2Tthinking.mov
1501004,U,T,thinking,15/1501004/1501004U5Tthinking.mov
1501004,Z,T,thinking,15/1501004/1501004Z6Tthinking.mov
1501101,U,T,comprehending,15/1501101/1501101U5Tcomprehending.mov
1501101,P,T,comprehending,15/1501101/1501101P3Tcomprehending.mov
1501101,P,T,comprehending,15/1501101/1501101P5Tcomprehending.mov
1501101,U,T,comprehending,15/1501101/1501101U6Tcomprehending.mov
1501101,S,V,comprehending,15/1501101/1501101S2Vcomprehending.mov
1501101,Z,T,comprehending,15/1501101/1501101Z6Tcomprehending.mov
1501101,S,V,comprehending,15/1501101/1501101S5Vcomprehending.mov
1501101,R,T,comprehending,15/1501101/1501101R6Tcomprehending.mov
1501205,P,T,thoughtful,15/1501205/1501205P3Tthoughtful.mov
1501205,P,T,thoughtful,15/1501205/1501205P6Tthoughtful.mov
1501205,S,V,thoughtful,15/1501205/1501205S5Vthoughtful.mov
1501205,U,T,thoughtful,15/1501205/1501205U1Tthoughtful.mov
1501205,Z,T,thoughtful,15/1501205/1501205Z6Tthoughtful.mov
1501205,U,T,thoughtful,15/1501205/1501205U5Tthoughtful.mov
1501205,U,T,thoughtful,15/1501205/1501205U2Tthoughtful.mov
1501302,U,T,dreamy,15/1501302/1501302U1Tdreamy.mov
1501302,Z,T,dreamy,15/1501302/1501302Z6Tdreamy.mov
1501302,P,T,dreamy,15/1501302/1501302P3Tdreamy.mov
1501302,R,T,dreamy,15/1501302/1501302R6Tdreamy.mov
1501302,P,T,dreamy,15/1501302/1501302P5Tdreamy.mov
1501302,S,V,dreamy,15/1501302/1501302S1Vdreamy.mov
1501302,U,T,dreamy,15/1501302/1501302U2Tdreamy.mov
1501601,P,T,expectant,15/1501601/1501601P6Texpectant.mov
1501601,P,T,expectant,15/1501601/1501601P5Texpectant.mov
1501601,S,V,expectant,15/1501601/1501601S3Vexpectant.mov
1501601,U,T,expectant,15/1501601/1501601U6Texpectant.mov
1501601,S,V,expectant,15/1501601/1501601S4Vexpectant.mov
1501601,Z,T,expectant,15/1501601/1501601Z6Texpectant.mov
1501601,A,T,expectant,15/1501601/1501601A5Texpectant.mov
1501601,P,T,expectant,15/1501601/1501601P3Texpectant.mov
1501701,U,T,fantasizing,15/1501701/1501701U6Tfantasizing.mov
1501701,A,T,fantasizing,15/1501701/1501701A6Tfantasizing.mov
1501701,P,T,fantasizing,15/1501701/1501701P5Tfantasizing.mov
1501701,S,V,fantasizing,15/1501701/1501701S6Vfantasizing.mov
1501701,R,T,fantasizing,15/1501701/1501701R6Tfantasizing.mov
1501701,S,V,fantasizing,15/1501701/1501701S1Vfantasizing.mov
1501701,A,T,fantasizing,15/1501701/1501701A5Tfantasizing.mov
1501701,U,T,fantasizing,15/1501701/1501701U5Tfantasizing.mov
1501901,U,T,judging,15/1501901/1501901U5Tjudging.mov
1501901,R,T,judging,15/1501901/1501901R6Tjudging.mov
1501901,U,T,judging,15/1501901/1501901U6Tjudging.mov
1501901,S,V,judging,15/1501901/1501901S5Vjudging.mov
1501901,Z,T,judging,15/1501901/1501901Z5Tjudging.mov
1501901,S,V,judging,15/1501901/1501901S4Vjudging.mov
1600102,R,T,indifferent,16/1600102/1600102R6Tindifferent.mov
1600102,S,V,indifferent,16/1600102/1600102S1Vindifferent.mov
1600102,P,T,indifferent,16/1600102/1600102P5Tindifferent.mov
1600102,S,V,indifferent,16/1600102/1600102S6Vindifferent.mov
1600102,U,T,indifferent,16/1600102/1600102U5Tindifferent.mov
1600102,P,T,indifferent,16/1600102/1600102P6Tindifferent.mov
1600102,Z,T,indifferent,16/1600102/1600102Z6Tindifferent.mov
1600102,U,T,indifferent,16/1600102/1600102U6Tindifferent.mov
1600201,Z,T,blank,16/1600201/1600201Z5Tblank.mov
1600201,P,T,blank,16/1600201/1600201P4Tblank.mov
1600201,S,V,blank,16/1600201/1600201S2Vblank.mov
1600201,U,T,blank,16/1600201/1600201U5Tblank.mov
1600201,P,T,blank,16/1600201/1600201P5Tblank.mov
1600201,S,V,blank,16/1600201/1600201S1Vblank.mov
1600201,P,T,blank,16/1600201/1600201P6Tblank.mov
1600201,R,T,blank,16/1600201/1600201R6Tblank.mov
1600401,U,T,bored,16/1600401/1600401U2Tbored.mov
1600401,S,V,bored,16/1600401/1600401S3Vbored.mov
1600401,Z,T,bored,16/1600401/1600401Z5Tbored.mov
1600401,P,T,bored,16/1600401/1600401P5Tbored.mov
1600401,U,T,bored,16/1600401/1600401U6Tbored.mov
1600401,U,T,bored,16/1600401/1600401U1Tbored.mov
1600504,U,T,distant,16/1600504/1600504U5Tdistant.mov
1600504,P,T,distant,16/1600504/1600504P4Tdistant.mov
1600504,R,T,distant,16/1600504/1600504R6Tdistant.mov
1600504,U,T,distant,16/1600504/1600504U6Tdistant.mov
1600504,S,V,distant,16/1600504/1600504S5Vdistant.mov
1600504,S,V,distant,16/1600504/1600504S2Vdistant.mov
1600504,P,T,distant,16/1600504/1600504P6Tdistant.mov
1600504,P,T,distant,16/1600504/1600504P5Tdistant.mov
1600601,S,V,inattentive,16/1600601/1600601S2Vinattentive.mov
1600601,Z,T,inattentive,16/1600601/1600601Z6Tinattentive.mov
1600601,U,T,inattentive,16/1600601/1600601U6Tinattentive.mov
1600601,S,V,inattentive,16/1600601/1600601S1Vinattentive.mov
1600601,P,T,inattentive,16/1600601/1600601P5Tinattentive.mov
1600601,U,T,inattentive,16/1600601/1600601U5Tinattentive.mov
1600601,A,T,inattentive,16/1600601/1600601A5Tinattentive.mov
1600701,P,T,insouciant,16/1600701/1600701P4Tinsouciant.mov
1600701,S,V,insouciant,16/1600701/1600701S1Vinsouciant.mov
1600701,P,T,insouciant,16/1600701/1600701P5Tinsouciant.mov
1600701,P,T,insouciant,16/1600701/1600701P6Tinsouciant.mov
1600701,U,T,insouciant,16/1600701/1600701U6Tinsouciant.mov
1600701,U,T,insouciant,16/1600701/1600701U5Tinsouciant.mov
1600701,Z,T,insouciant,16/1600701/1600701Z5Tinsouciant.mov
1600801,S,V,jaded,16/1600801/1600801S5Vjaded.mov
1600801,P,T,jaded,16/1600801/1600801P5Tjaded.mov
1600801,P,T,jaded,16/1600801/1600801P3Tjaded.mov
1600801,S,V,jaded,16/1600801/1600801S2Vjaded.mov
1600801,U,T,jaded,16/1600801/1600801U5Tjaded.mov
1600801,P,T,jaded,16/1600801/1600801P6Tjaded.mov
1600801,R,T,jaded,16/1600801/1600801R6Tjaded.mov
1600801,Z,T,jaded,16/1600801/1600801Z6Tjaded.mov
1601202,Z,T,listless,16/1601202/1601202Z6Tlistless.mov
1601202,P,T,listless,16/1601202/1601202P6Tlistless.mov
1601202,U,T,listless,16/1601202/1601202U5Tlistless.mov
1601202,S,V,listless,16/1601202/1601202S5Vlistless.mov
1601202,P,T,listless,16/1601202/1601202P5Tlistless.mov
1601202,U,T,listless,16/1601202/1601202U6Tlistless.mov
1601202,P,T,listless,16/1601202/1601202P3Tlistless.mov
1601202,S,V,listless,16/1601202/1601202S6Vlistless.mov
1601601,S,V,passive,16/1601601/1601601S1Vpassive.mov
1601601,Z,T,passive,16/1601601/1601601Z6Tpassive.mov
1601601,P,T,passive,16/1601601/1601601P5Tpassive.mov
1601601,P,T,passive,16/1601601/1601601P6Tpassive.mov
1601601,U,T,passive,16/1601601/1601601U6Tpassive.mov
1601601,R,T,passive,16/1601601/1601601R6Tpassive.mov
1601601,U,T,passive,16/1601601/1601601U5Tpassive.mov
1601701,S,V,unenthusiastic,16/1601701/1601701S4Vunenthusiastic.mov
1601701,P,T,unenthusiastic,16/1601701/1601701P4Tunenthusiastic.mov
1601701,P,T,unenthusiastic,16/1601701/1601701P5Tunenthusiastic.mov
1601701,R,T,unenthusiastic,16/1601701/1601701R6Tunenthusiastic.mov
1601701,U,T,unenthusiastic,16/1601701/1601701U5Tunenthusiastic.mov
1601701,P,T,unenthusiastic,16/1601701/1601701P6Tunenthusiastic.mov
1601701,Z,T,unenthusiastic,16/1601701/1601701Z5Tunenthusiastic.mov
1601801,S,V,unfocused,16/1601801/1601801S2Vunfocused.mov
1601801,S,V,unfocused,16/1601801/1601801S5Vunfocused.mov
1601801,P,T,unfocused,16/1601801/1601801P5Tunfocused.mov
1601801,P,T,unfocused,16/1601801/1601801P6Tunfocused.mov
1601801,U,T,unfocused,16/1601801/1601801U6Tunfocused.mov
1601801,Z,T,unfocused,16/1601801/1601801Z6Tunfocused.mov
1601801,R,T,unfocused,16/1601801/1601801R6Tunfocused.mov
1601801,U,T,unfocused,16/1601801/1601801U5Tunfocused.mov
1601901,P,T,unimpressed,16/1601901/1601901P6Tunimpressed.mov
1601901,U,T,unimpressed,16/1601901/1601901U6Tunimpressed.mov
1601901,P,T,unimpressed,16/1601901/1601901P5Tunimpressed.mov
1601901,R,T,unimpressed,16/1601901/1601901R6Tunimpressed.mov
1601901,Z,T,unimpressed,16/1601901/1601901Z5Tunimpressed.mov
1601901,U,T,unimpressed,16/1601901/1601901U5Tunimpressed.mov
1602101,S,V,vacant,16/1602101/1602101S4Vvacant.mov
1602101,W,T,vacant,16/1602101/1602101W6Tvacant.mov
1602101,A,T,vacant,16/1602101/1602101A6Tvacant.mov
1602101,P,T,vacant,16/1602101/1602101P5Tvacant.mov
1602101,P,T,vacant,16/1602101/1602101P6Tvacant.mov
1602101,A,T,vacant,16/1602101/1602101A5Tvacant.mov
1602101,U,T,vacant,16/1602101/1602101U6Tvacant.mov
1602201,R,T,vague,16/1602201/1602201R6Tvague.mov
1602201,U,T,vague,16/1602201/1602201U6Tvague.mov
1602201,P,T,vague,16/1602201/1602201P6Tvague.mov
1602201,U,T,vague,16/1602201/1602201U5Tvague.mov
1602201,S,V,vague,16/1602201/1602201S2Vvague.mov
1602201,P,T,vague,16/1602201/1602201P3Tvague.mov
1602201,P,T,vague,16/1602201/1602201P5Tvague.mov
1602201,S,V,vague,16/1602201/1602201S3Vvague.mov
1602301,S,V,distracted,16/1602301/1602301S1Vdistracted.mov
1602301,P,T,distracted,16/1602301/1602301P3Tdistracted.mov
1602301,P,T,distracted,16/1602301/1602301P6Tdistracted.mov
1602301,U,T,distracted,16/1602301/1602301U1Tdistracted.mov
1602301,R,T,distracted,16/1602301/1602301R6Tdistracted.mov
1602301,U,T,distracted,16/1602301/1602301U2Tdistracted.mov
1602301,Z,T,distracted,16/1602301/1602301Z5Tdistracted.mov
1602401,Z,T,complacent,16/1602401/1602401Z6Tcomplacent.mov
1602401,A,T,complacent,16/1602401/1602401A5Tcomplacent.mov
1602401,R,T,complacent,16/1602401/1602401R6Tcomplacent.mov
1602401,S,V,complacent,16/1602401/1602401S5Vcomplacent.mov
1602401,S,V,complacent,16/1602401/1602401S2Vcomplacent.mov
1602401,P,T,complacent,16/1602401/1602401P6Tcomplacent.mov
1602401,P,T,complacent,16/1602401/1602401P3Tcomplacent.mov
1602401,P,T,complacent,16/1602401/1602401P5Tcomplacent.mov
1700203,U,T,luring,17/1700203/1700203U6Tluring.mov
1700203,Z,T,luring,17/1700203/1700203Z6Tluring.mov
1700203,U,T,luring,17/1700203/1700203U5Tluring.mov
1700203,P,T,luring,17/1700203/1700203P5Tluring.mov
1700203,W,T,luring,17/1700203/1700203W6Tluring.mov
1700301,U,T,calculating,17/1700301/1700301U5Tcalculating.mov
1700301,P,T,calculating,17/1700301/1700301P4Tcalculating.mov
1700301,Z,T,calculating,17/1700301/1700301Z5Tcalculating.mov
1700301,R,T,calculating,17/1700301/1700301R6Tcalculating.mov
1700301,S,V,calculating,17/1700301/1700301S1Vcalculating.mov
1700301,P,T,calculating,17/1700301/1700301P5Tcalculating.mov
1700301,P,T,calculating,17/1700301/1700301P6Tcalculating.mov
1700401,S,V,concealing,17/1700401/1700401S5Vconcealing.mov
1700401,S,V,concealing,17/1700401/1700401S4Vconcealing.mov
1700401,P,T,concealing,17/1700401/1700401P5Tconcealing.mov
1700401,U,T,concealing,17/1700401/1700401U5Tconcealing.mov
1700401,U,T,concealing,17/1700401/1700401U6Tconcealing.mov
1700401,Z,T,concealing,17/1700401/1700401Z6Tconcealing.mov
1700401,R,T,concealing,17/1700401/1700401R6Tconcealing.mov
1700505,Z,T,sneaky,17/1700505/1700505Z5Tsneaky.mov
1700505,U,T,sneaky,17/1700505/1700505U2Tsneaky.mov
1700505,S,V,sneaky,17/1700505/1700505S4Vsneaky.mov
1700505,S,V,sneaky,17/1700505/1700505S3Vsneaky.mov
1700505,U,T,sneaky,17/1700505/1700505U5Tsneaky.mov
1700505,P,T,sneaky,17/1700505/1700505P6Tsneaky.mov
1700505,U,T,sneaky,17/1700505/1700505U6Tsneaky.mov
1700505,U,T,sneaky,17/1700505/1700505U1Tsneaky.mov
1700601,P,T,deceitful,17/1700601/1700601P5Tdeceitful.mov
1700601,S,V,deceitful,17/1700601/1700601S4Vdeceitful.mov
1700601,R,T,deceitful,17/1700601/1700601R6Tdeceitful.mov
1700601,U,T,deceitful,17/1700601/1700601U6Tdeceitful.mov
1700601,Z,T,deceitful,17/1700601/1700601Z5Tdeceitful.mov
1700601,A,T,deceitful,17/1700601/1700601A5Tdeceitful.mov
1700601,S,V,deceitful,17/1700601/1700601S1Vdeceitful.mov
1700802,P,T,insincere,17/1700802/1700802P5Tinsincere.mov
1700802,U,T,insincere,17/1700802/1700802U6Tinsincere.mov
1700802,R,T,insincere,17/1700802/1700802R6Tinsincere.mov
1700802,Z,T,insincere,17/1700802/1700802Z5Tinsincere.mov
1700802,U,T,insincere,17/1700802/1700802U5Tinsincere.mov
1700802,S,V,insincere,17/1700802/1700802S6Vinsincere.mov
1700802,P,T,insincere,17/1700802/1700802P4Tinsincere.mov
1701002,S,V,mysterious,17/1701002/1701002S6Vmysterious.mov
1701002,S,V,mysterious,17/1701002/1701002S1Vmysterious.mov
1701002,P,T,mysterious,17/1701002/1701002P5Tmysterious.mov
1701002,U,T,mysterious,17/1701002/1701002U5Tmysterious.mov
1701002,U,T,mysterious,17/1701002/1701002U2Tmysterious.mov
1701002,U,T,mysterious,17/1701002/1701002U6Tmysterious.mov
1701002,U,T,mysterious,17/1701002/1701002U1Tmysterious.mov
1701201,P,T,lying,17/1701201/1701201P3Tlying.mov
1701201,A,T,lying,17/1701201/1701201A5Tlying.mov
1701201,U,T,lying,17/1701201/1701201U2Tlying.mov
1701201,Z,T,lying,17/1701201/1701201Z6Tlying.mov
1701201,S,V,lying,17/1701201/1701201S6Vlying.mov
1701201,U,T,lying,17/1701201/1701201U1Tlying.mov
1701201,P,T,lying,17/1701201/1701201P6Tlying.mov
1701501,U,T,tempting,17/1701501/1701501U6Ttempting.mov
1701501,P,T,tempting,17/1701501/1701501P3Ttempting.mov
1701501,P,T,tempting,17/1701501/1701501P5Ttempting.mov
1701501,U,T,tempting,17/1701501/1701501U5Ttempting.mov
1701501,S,V,tempting,17/1701501/1701501S3Vtempting.mov
1701501,P,T,tempting,17/1701501/1701501P6Ttempting.mov
1701601,S,V,fawning,17/1701601/1701601S4Vfawning.mov
1701601,Z,T,fawning,17/1701601/1701601Z6Tfawning.mov
1701601,P,T,fawning,17/1701601/1701601P5Tfawning.mov
1701601,P,T,fawning,17/1701601/1701601P6Tfawning.mov
1701601,P,T,fawning,17/1701601/1701601P3Tfawning.mov
1701601,R,T,fawning,17/1701601/1701601R6Tfawning.mov
1701601,S,V,fawning,17/1701601/1701601S5Vfawning.mov
1701601,U,T,fawning,17/1701601/1701601U5Tfawning.mov
1701801,S,V,humoring,17/1701801/1701801S6Vhumoring.mov
1701801,P,T,humoring,17/1701801/1701801P3Thumoring.mov
1701801,R,T,humoring,17/1701801/1701801R6Thumoring.mov
1701801,A,T,humoring,17/1701801/1701801A5Thumoring.mov
1701801,P,T,humoring,17/1701801/1701801P5Thumoring.mov
1701801,U,T,humoring,17/1701801/1701801U5Thumoring.mov
1701801,S,V,humoring,17/1701801/1701801S3Vhumoring.mov
1701801,P,T,humoring,17/1701801/1701801P6Thumoring.mov
1800201,S,V,bothered,18/1800201/1800201S3Vbothered.mov
1800201,U,T,bothered,18/1800201/1800201U2Tbothered.mov
1800201,Z,T,bothered,18/1800201/1800201Z6Tbothered.mov
1800201,R,T,bothered,18/1800201/1800201R6Tbothered.mov
1800201,P,T,bothered,18/1800201/1800201P5Tbothered.mov
1800201,P,T,bothered,18/1800201/1800201P3Tbothered.mov
1800201,U,T,bothered,18/1800201/1800201U1Tbothered.mov
1800501,S,V,flustered,18/1800501/1800501S3Vflustered.mov
1800501,Z,T,flustered,18/1800501/1800501Z5Tflustered.mov
1800501,R,T,flustered,18/1800501/1800501R6Tflustered.mov
1800501,S,V,flustered,18/1800501/1800501S4Vflustered.mov
1800501,U,T,flustered,18/1800501/1800501U6Tflustered.mov
1800501,P,T,flustered,18/1800501/1800501P6Tflustered.mov
1800501,P,T,flustered,18/1800501/1800501P5Tflustered.mov
1800501,A,T,flustered,18/1800501/1800501A5Tflustered.mov
1800901,U,T,impatient,18/1800901/1800901U1Timpatient.mov
1800901,U,T,impatient,18/1800901/1800901U5Timpatient.mov
1800901,U,T,impatient,18/1800901/1800901U2Timpatient.mov
1800901,U,T,impatient,18/1800901/1800901U6Timpatient.mov
1800901,P,T,impatient,18/1800901/1800901P6Timpatient.mov
1800901,S,V,impatient,18/1800901/1800901S1Vimpatient.mov
1800901,S,V,impatient,18/1800901/1800901S6Vimpatient.mov
1801101,S,V,pestered,18/1801101/1801101S3Vpestered.mov
1801101,P,T,pestered,18/1801101/1801101P6Tpestered.mov
1801101,U,T,pestered,18/1801101/1801101U5Tpestered.mov
1801101,R,T,pestered,18/1801101/1801101R6Tpestered.mov
1801101,P,T,pestered,18/1801101/1801101P5Tpestered.mov
1801101,S,V,pestered,18/1801101/1801101S6Vpestered.mov
1801101,U,T,pestered,18/1801101/1801101U6Tpestered.mov
1801101,Z,T,pestered,18/1801101/1801101Z5Tpestered.mov
1801301,S,V,restless,18/1801301/1801301S5Vrestless.mov
1801301,U,T,restless,18/1801301/1801301U5Trestless.mov
1801301,S,V,restless,18/1801301/1801301S6Vrestless.mov
1801301,P,T,restless,18/1801301/1801301P4Trestless.mov
1801301,U,T,restless,18/1801301/1801301U6Trestless.mov
1801301,R,T,restless,18/1801301/1801301R6Trestless.mov
1801301,P,T,restless,18/1801301/1801301P5Trestless.mov
1801301,Z,T,restless,18/1801301/1801301Z5Trestless.mov
1801401,U,T,ruffled,18/1801401/1801401U5Truffled.mov
1801401,S,V,ruffled,18/1801401/1801401S6Vruffled.mov
1801401,S,V,ruffled,18/1801401/1801401S5Vruffled.mov
1801401,U,T,ruffled,18/1801401/1801401U6Truffled.mov
1801401,R,T,ruffled,18/1801401/1801401R6Truffled.mov
1801401,P,T,ruffled,18/1801401/1801401P6Truffled.mov
1801401,P,T,ruffled,18/1801401/1801401P5Truffled.mov
1801401,Z,T,ruffled,18/1801401/1801401Z6Truffled.mov
1801701,Z,T,tense,18/1801701/1801701Z6Ttense.mov
1801701,U,T,tense,18/1801701/1801701U6Ttense.mov
1801701,P,T,tense,18/1801701/1801701P6Ttense.mov
1801701,U,T,tense,18/1801701/1801701U5Ttense.mov
1801701,P,T,tense,18/1801701/1801701P5Ttense.mov
1801701,S,V,tense,18/1801701/1801701S3Vtense.mov
1900201,P,T,appealing,19/1900201/1900201P6Tappealing.mov
1900201,P,T,appealing,19/1900201/1900201P5Tappealing.mov
1900201,S,V,appealing,19/1900201/1900201S3Vappealing.mov
1900201,U,T,appealing,19/1900201/1900201U6Tappealing.mov
1900201,R,T,appealing,19/1900201/1900201R6Tappealing.mov
1900201,A,T,appealing,19/1900201/1900201A6Tappealing.mov
1900201,A,T,appealing,19/1900201/1900201A5Tappealing.mov
1900201,S,V,appealing,19/1900201/1900201S2Vappealing.mov
1900303,U,T,greedy,19/1900303/1900303U5Tgreedy.mov
1900303,U,T,greedy,19/1900303/1900303U2Tgreedy.mov
1900303,A,T,greedy,19/1900303/1900303A5Tgreedy.mov
1900303,P,T,greedy,19/1900303/1900303P6Tgreedy.mov
1900303,P,T,greedy,19/1900303/1900303P3Tgreedy.mov
1900401,U,T,begging,19/1900401/1900401U6Tbegging.mov
1900401,R,T,begging,19/1900401/1900401R6Tbegging.mov
1900401,S,V,begging,19/1900401/1900401S2Vbegging.mov
1900401,U,T,begging,19/1900401/1900401U1Tbegging.mov
1900401,U,T,begging,19/1900401/1900401U2Tbegging.mov
1900401,Z,T,begging,19/1900401/1900401Z6Tbegging.mov
1900401,P,T,begging,19/1900401/1900401P5Tbegging.mov
1900703,R,T,wanting,19/1900703/1900703R6Twanting.mov
1900703,U,T,wanting,19/1900703/1900703U2Twanting.mov
1900703,P,T,wanting,19/1900703/1900703P3Twanting.mov
1900703,U,T,wanting,19/1900703/1900703U1Twanting.mov
1900703,Z,T,wanting,19/1900703/1900703Z5Twanting.mov
1900703,P,T,wanting,19/1900703/1900703P6Twanting.mov
1900703,S,V,wanting,19/1900703/1900703S2Vwanting.mov
1900801,S,V,demanding,19/1900801/1900801S1Vdemanding.mov
1900801,P,T,demanding,19/1900801/1900801P3Tdemanding.mov
1900801,P,T,demanding,19/1900801/1900801P6Tdemanding.mov
1900801,P,T,demanding,19/1900801/1900801P5Tdemanding.mov
1900801,U,T,demanding,19/1900801/1900801U5Tdemanding.mov
1900801,Z,T,demanding,19/1900801/1900801Z6Tdemanding.mov
1900801,R,T,demanding,19/1900801/1900801R6Tdemanding.mov
1900903,U,T,jealous,19/1900903/1900903U6Tjealous.mov
1900903,U,T,jealous,19/1900903/1900903U5Tjealous.mov
1900903,P,T,jealous,19/1900903/1900903P5Tjealous.mov
1900903,U,T,jealous,19/1900903/1900903U2Tjealous.mov
1900903,U,T,jealous,19/1900903/1900903U1Tjealous.mov
1900903,S,V,jealous,19/1900903/1900903S2Vjealous.mov
1901401,U,T,needy,19/1901401/1901401U6Tneedy.mov
1901401,P,T,needy,19/1901401/1901401P6Tneedy.mov
1901401,R,T,needy,19/1901401/1901401R6Tneedy.mov
1901401,Z,T,needy,19/1901401/1901401Z5Tneedy.mov
1901401,S,V,needy,19/1901401/1901401S5Vneedy.mov
1901401,U,T,needy,19/1901401/1901401U5Tneedy.mov
1901401,S,V,needy,19/1901401/1901401S2Vneedy.mov
1901401,P,T,needy,19/1901401/1901401P5Tneedy.mov
1901701,P,T,suppliant,19/1901701/1901701P3Tsuppliant.mov
1901701,P,T,suppliant,19/1901701/1901701P5Tsuppliant.mov
1901701,P,T,suppliant,19/1901701/1901701P6Tsuppliant.mov
1901701,R,T,suppliant,19/1901701/1901701R6Tsuppliant.mov
1901701,Z,T,suppliant,19/1901701/1901701Z6Tsuppliant.mov
1901701,U,T,suppliant,19/1901701/1901701U5Tsuppliant.mov
1901801,P,T,wishful,19/1901801/1901801P6Twishful.mov
1901801,S,V,wishful,19/1901801/1901801S1Vwishful.mov
1901801,P,T,wishful,19/1901801/1901801P5Twishful.mov
1901801,S,V,wishful,19/1901801/1901801S4Vwishful.mov
1901801,U,T,wishful,19/1901801/1901801U5Twishful.mov
1901801,U,T,wishful,19/1901801/1901801U6Twishful.mov
1901801,R,T,wishful,19/1901801/1901801R6Twishful.mov
1901901,U,T,hopeful,19/1901901/1901901U6Thopeful.mov
1901901,U,T,hopeful,19/1901901/1901901U1Thopeful.mov
1901901,S,V,hopeful,19/1901901/1901901S2Vhopeful.mov
1901901,P,T,hopeful,19/1901901/1901901P6Thopeful.mov
1901901,P,T,hopeful,19/1901901/1901901P3Thopeful.mov
1901901,U,T,hopeful,19/1901901/1901901U2Thopeful.mov
2000102,P,T,sorry,20/2000102/2000102P6Tsorry.mov
2000102,U,T,sorry,20/2000102/2000102U6Tsorry.mov
2000102,S,V,sorry,20/2000102/2000102S6Vsorry.mov
2000102,U,T,sorry,20/2000102/2000102U2Tsorry.mov
2000102,S,V,sorry,20/2000102/2000102S5Vsorry.mov
2000102,A,T,sorry,20/2000102/2000102A5Tsorry.mov
2000102,Z,T,sorry,20/2000102/2000102Z5Tsorry.mov
2000301,U,T,guilty,20/2000301/2000301U1Tguilty.mov
2000301,Z,T,guilty,20/2000301/2000301Z6Tguilty.mov
2000301,U,T,guilty,20/2000301/2000301U6Tguilty.mov
2000301,U,T,guilty,20/2000301/2000301U5Tguilty.mov
2000301,P,T,guilty,20/2000301/2000301P5Tguilty.mov
2000301,S,V,guilty,20/2000301/2000301S6Vguilty.mov
2000301,S,V,guilty,20/2000301/2000301S1Vguilty.mov
2000301,U,T,guilty,20/2000301/2000301U2Tguilty.mov
2000501,Z,T,responsible,20/2000501/2000501Z6Tresponsible.mov
2000501,U,T,responsible,20/2000501/2000501U1Tresponsible.mov
2000501,U,T,responsible,20/2000501/2000501U6Tresponsible.mov
2000501,P,T,responsible,20/2000501/2000501P6Tresponsible.mov
2000501,A,T,responsible,20/2000501/2000501A5Tresponsible.mov
2000501,U,T,responsible,20/2000501/2000501U2Tresponsible.mov
2000501,S,V,responsible,20/2000501/2000501S6Vresponsible.mov
2000702,U,T,ashamed,20/2000702/2000702U2Tashamed.mov
2000702,Z,T,ashamed,20/2000702/2000702Z6Tashamed.mov
2000702,P,T,ashamed,20/2000702/2000702P5Tashamed.mov
2000702,U,T,ashamed,20/2000702/2000702U1Tashamed.mov
2000702,P,T,ashamed,20/2000702/2000702P3Tashamed.mov
2000702,R,T,ashamed,20/2000702/2000702R6Tashamed.mov
2000702,S,V,ashamed,20/2000702/2000702S6Vashamed.mov
2000702,S,V,ashamed,20/2000702/2000702S3Vashamed.mov
2000801,U,T,embarrassed,20/2000801/2000801U6Tembarrassed.mov
2000801,S,V,embarrassed,20/2000801/2000801S4Vembarrassed.mov
2000801,Z,T,embarrassed,20/2000801/2000801Z6Tembarrassed.mov
2000801,U,T,embarrassed,20/2000801/2000801U1Tembarrassed.mov
2000801,U,T,embarrassed,20/2000801/2000801U2Tembarrassed.mov
2000801,U,T,embarrassed,20/2000801/2000801U5Tembarrassed.mov
2000801,A,T,embarrassed,20/2000801/2000801A5Tembarrassed.mov
2000905,P,T,humiliated,20/2000905/2000905P5Thumiliated.mov
2000905,S,V,humiliated,20/2000905/2000905S2Vhumiliated.mov
2000905,S,V,humiliated,20/2000905/2000905S3Vhumiliated.mov
2000905,P,T,humiliated,20/2000905/2000905P6Thumiliated.mov
2000905,Z,T,humiliated,20/2000905/2000905Z6Thumiliated.mov
2000905,A,T,humiliated,20/2000905/2000905A5Thumiliated.mov
2000905,A,T,humiliated,20/2000905/2000905A6Thumiliated.mov
2001001,P,T,mortified,20/2001001/2001001P5Tmortified.mov
2001001,Z,T,mortified,20/2001001/2001001Z6Tmortified.mov
2001001,A,T,mortified,20/2001001/2001001A6Tmortified.mov
2001001,A,T,mortified,20/2001001/2001001A5Tmortified.mov
2001001,P,T,mortified,20/2001001/2001001P3Tmortified.mov
2100102,U,T,guarded,21/2100102/2100102U6Tguarded.mov
2100102,R,T,guarded,21/2100102/2100102R6Tguarded.mov
2100102,S,V,guarded,21/2100102/2100102S3Vguarded.mov
2100102,U,T,guarded,21/2100102/2100102U5Tguarded.mov
2100102,P,T,guarded,21/2100102/2100102P5Tguarded.mov
2100102,Z,T,guarded,21/2100102/2100102Z5Tguarded.mov
2100102,P,T,guarded,21/2100102/2100102P6Tguarded.mov
2100102,S,V,guarded,21/2100102/2100102S2Vguarded.mov
2100201,Z,T,cautious,21/2100201/2100201Z6Tcautious.mov
2100201,P,T,cautious,21/2100201/2100201P6Tcautious.mov
2100201,A,T,cautious,21/2100201/2100201A5Tcautious.mov
2100201,R,T,cautious,21/2100201/2100201R6Tcautious.mov
2100201,P,T,cautious,21/2100201/2100201P5Tcautious.mov
2100201,S,V,cautious,21/2100201/2100201S1Vcautious.mov
2100201,S,V,cautious,21/2100201/2100201S6Vcautious.mov
2100201,P,T,cautious,21/2100201/2100201P3Tcautious.mov
2100301,R,T,cynical,21/2100301/2100301R6Tcynical.mov
2100301,U,T,cynical,21/2100301/2100301U6Tcynical.mov
2100301,S,V,cynical,21/2100301/2100301S5Vcynical.mov
2100301,U,T,cynical,21/2100301/2100301U5Tcynical.mov
2100301,P,T,cynical,21/2100301/2100301P5Tcynical.mov
2100301,P,T,cynical,21/2100301/2100301P6Tcynical.mov
2100301,Z,T,cynical,21/2100301/2100301Z5Tcynical.mov
2100401,U,T,disbelieving,21/2100401/2100401U2Tdisbelieving.mov
2100401,P,T,disbelieving,21/2100401/2100401P3Tdisbelieving.mov
2100401,S,V,disbelieving,21/2100401/2100401S1Vdisbelieving.mov
2100401,R,T,disbelieving,21/2100401/2100401R6Tdisbelieving.mov
2100401,Z,T,disbelieving,21/2100401/2100401Z6Tdisbelieving.mov
2100401,U,T,disbelieving,21/2100401/2100401U1Tdisbelieving.mov
2100401,P,T,disbelieving,21/2100401/2100401P5Tdisbelieving.mov
2100501,P,T,doubtful,21/2100501/2100501P3Tdoubtful.mov
2100501,P,T,doubtful,21/2100501/2100501P5Tdoubtful.mov
2100501,R,T,doubtful,21/2100501/2100501R6Tdoubtful.mov
2100501,Z,T,doubtful,21/2100501/2100501Z6Tdoubtful.mov
2100501,U,T,doubtful,21/2100501/2100501U5Tdoubtful.mov
2100501,S,V,doubtful,21/2100501/2100501S5Vdoubtful.mov
2100501,S,V,doubtful,21/2100501/2100501S2Vdoubtful.mov
2100501,P,T,doubtful,21/2100501/2100501P6Tdoubtful.mov
2100601,R,T,incredulous,21/2100601/2100601R6Tincredulous.mov
2100601,P,T,incredulous,21/2100601/2100601P5Tincredulous.mov
2100601,U,T,incredulous,21/2100601/2100601U5Tincredulous.mov
2100601,Z,T,incredulous,21/2100601/2100601Z5Tincredulous.mov
2100601,P,T,incredulous,21/2100601/2100601P6Tincredulous.mov
2100601,S,V,incredulous,21/2100601/2100601S3Vincredulous.mov
2100601,U,T,incredulous,21/2100601/2100601U6Tincredulous.mov
2100601,S,V,incredulous,21/2100601/2100601S4Vincredulous.mov
2100801,U,T,suspicious,21/2100801/2100801U6Tsuspicious.mov
2100801,R,T,suspicious,21/2100801/2100801R6Tsuspicious.mov
2100801,U,T,suspicious,21/2100801/2100801U5Tsuspicious.mov
2100801,S,V,suspicious,21/2100801/2100801S6Vsuspicious.mov
2100801,P,T,suspicious,21/2100801/2100801P5Tsuspicious.mov
2100801,S,V,suspicious,21/2100801/2100801S5Vsuspicious.mov
2100801,P,T,suspicious,21/2100801/2100801P6Tsuspicious.mov
2100902,U,T,questioning,21/2100902/2100902U6Tquestioning.mov
2100902,S,V,questioning,21/2100902/2100902S5Vquestioning.mov
2100902,P,T,questioning,21/2100902/2100902P4Tquestioning.mov
2100902,U,T,questioning,21/2100902/2100902U5Tquestioning.mov
2100902,R,T,questioning,21/2100902/2100902R6Tquestioning.mov
2100902,P,T,questioning,21/2100902/2100902P5Tquestioning.mov
2200201,R,T,disgusted,22/2200201/2200201R6Tdisgusted.mov
2200201,U,T,disgusted,22/2200201/2200201U6Tdisgusted.mov
2200201,U,T,disgusted,22/2200201/2200201U2Tdisgusted.mov
2200201,U,T,disgusted,22/2200201/2200201U1Tdisgusted.mov
2200201,Z,T,disgusted,22/2200201/2200201Z5Tdisgusted.mov
2200201,P,T,disgusted,22/2200201/2200201P6Tdisgusted.mov
2200201,S,V,disgusted,22/2200201/2200201S2Vdisgusted.mov
2200301,R,T,distaste,22/2200301/2200301R6Tdistaste.mov
2200301,U,T,distaste,22/2200301/2200301U6Tdistaste.mov
2200301,S,V,distaste,22/2200301/2200301S6Vdistaste.mov
2200301,Z,T,distaste,22/2200301/2200301Z5Tdistaste.mov
2200301,P,T,distaste,22/2200301/2200301P6Tdistaste.mov
2200301,S,V,distaste,22/2200301/2200301S3Vdistaste.mov
2200301,U,T,distaste,22/2200301/2200301U5Tdistaste.mov
2200401,U,T,revulsion,22/2200401/2200401U5Trevulsion.mov
2200401,R,T,revulsion,22/2200401/2200401R6Trevulsion.mov
2200401,U,T,revulsion,22/2200401/2200401U6Trevulsion.mov
2200401,P,T,revulsion,22/2200401/2200401P6Trevulsion.mov
2200401,P,T,revulsion,22/2200401/2200401P5Trevulsion.mov
2200401,S,V,revulsion,22/2200401/2200401S5Vrevulsion.mov
2200401,A,T,revulsion,22/2200401/2200401A5Trevulsion.mov
2200401,S,V,revulsion,22/2200401/2200401S2Vrevulsion.mov
2300402,S,V,touched,23/2300402/2300402S2Vtouched.mov
2300402,Z,T,touched,23/2300402/2300402Z5Ttouched.mov
2300402,U,T,touched,23/2300402/2300402U1Ttouched.mov
2300402,U,T,touched,23/2300402/2300402U2Ttouched.mov
2300402,P,T,touched,23/2300402/2300402P5Ttouched.mov
2300402,U,T,touched,23/2300402/2300402U6Ttouched.mov
2300402,R,T,touched,23/2300402/2300402R6Ttouched.mov
2300501,S,V,nostalgic,23/2300501/2300501S5Vnostalgic.mov
2300501,A,T,nostalgic,23/2300501/2300501A5Tnostalgic.mov
2300501,S,V,nostalgic,23/2300501/2300501S2Vnostalgic.mov
2300501,P,T,nostalgic,23/2300501/2300501P6Tnostalgic.mov
2300501,P,T,nostalgic,23/2300501/2300501P5Tnostalgic.mov
2300501,U,T,nostalgic,23/2300501/2300501U5Tnostalgic.mov
2300501,U,T,nostalgic,23/2300501/2300501U6Tnostalgic.mov
2300601,U,T,overcome,23/2300601/2300601U5Tovercome.mov
2300601,S,V,overcome,23/2300601/2300601S5Vovercome.mov
2300601,S,V,overcome,23/2300601/2300601S2Vovercome.mov
2300601,P,T,overcome,23/2300601/2300601P6Tovercome.mov
2300601,U,T,overcome,23/2300601/2300601U6Tovercome.mov
2300601,P,T,overcome,23/2300601/2300601P5Tovercome.mov
2300601,Z,T,overcome,23/2300601/2300601Z5Tovercome.mov
2300701,R,T,sentimental,23/2300701/2300701R6Tsentimental.mov
2300701,S,V,sentimental,23/2300701/2300701S6Vsentimental.mov
2300701,P,T,sentimental,23/2300701/2300701P5Tsentimental.mov
2300701,U,T,sentimental,23/2300701/2300701U5Tsentimental.mov
2300701,P,T,sentimental,23/2300701/2300701P3Tsentimental.mov
2300701,P,T,sentimental,23/2300701/2300701P6Tsentimental.mov
2300701,S,V,sentimental,23/2300701/2300701S3Vsentimental.mov
2300701,Z,T,sentimental,23/2300701/2300701Z6Tsentimental.mov
2300802,R,T,soppy,23/2300802/2300802R6Tsoppy.mov
2300802,P,T,soppy,23/2300802/2300802P6Tsoppy.mov
2300802,U,T,soppy,23/2300802/2300802U6Tsoppy.mov
2300802,S,V,soppy,23/2300802/2300802S1Vsoppy.mov
2300802,P,T,soppy,23/2300802/2300802P5Tsoppy.mov
2300802,U,T,soppy,23/2300802/2300802U5Tsoppy.mov
2400201,R,T,accepted,24/2400201/2400201R6Taccepted.mov
2400201,P,T,accepted,24/2400201/2400201P5Taccepted.mov
2400201,P,T,accepted,24/2400201/2400201P3Taccepted.mov
2400201,Z,T,accepted,24/2400201/2400201Z6Taccepted.mov
2400201,P,T,accepted,24/2400201/2400201P6Taccepted.mov
2400201,S,V,accepted,24/2400201/2400201S2Vaccepted.mov
2400201,U,T,accepted,24/2400201/2400201U5Taccepted.mov
2400601,S,V,adored,24/2400601/2400601S3Vadored.mov
2400601,U,T,adored,24/2400601/2400601U5Tadored.mov
2400601,Z,T,adored,24/2400601/2400601Z5Tadored.mov
2400601,U,T,adored,24/2400601/2400601U2Tadored.mov
2400601,U,T,adored,24/2400601/2400601U1Tadored.mov
2400601,U,T,adored,24/2400601/2400601U6Tadored.mov
2400803,S,V,comforted,24/2400803/2400803S1Vcomforted.mov
2400803,U,T,comforted,24/2400803/2400803U6Tcomforted.mov
2400803,R,T,comforted,24/2400803/2400803R6Tcomforted.mov
2400803,Z,T,comforted,24/2400803/2400803Z5Tcomforted.mov
2400803,U,T,comforted,24/2400803/2400803U5Tcomforted.mov
2400803,P,T,comforted,24/2400803/2400803P5Tcomforted.mov
2400803,P,T,comforted,24/2400803/2400803P6Tcomforted.mov
2400901,Z,T,appreciated,24/2400901/2400901Z6Tappreciated.mov
2400901,U,T,appreciated,24/2400901/2400901U6Tappreciated.mov
2400901,S,V,appreciated,24/2400901/2400901S4Vappreciated.mov
2400901,P,T,appreciated,24/2400901/2400901P6Tappreciated.mov
2400901,U,T,appreciated,24/2400901/2400901U5Tappreciated.mov
2400901,S,V,appreciated,24/2400901/2400901S1Vappreciated.mov
2400901,R,T,appreciated,24/2400901/2400901R6Tappreciated.mov
2401002,P,T,supported,24/2401002/2401002P6Tsupported.mov
2401002,P,T,supported,24/2401002/2401002P5Tsupported.mov
2401002,U,T,supported,24/2401002/2401002U5Tsupported.mov
2401002,S,V,supported,24/2401002/2401002S4Vsupported.mov
2401002,R,T,supported,24/2401002/2401002R6Tsupported.mov
2401002,U,T,supported,24/2401002/2401002U6Tsupported.mov
2401002,S,V,supported,24/2401002/2401002S1Vsupported.mov
2401403,P,T,wanted,24/2401403/2401403P5Twanted.mov
2401403,S,V,wanted,24/2401403/2401403S6Vwanted.mov
2401403,U,T,wanted,24/2401403/2401403U2Twanted.mov
2401403,U,T,wanted,24/2401403/2401403U1Twanted.mov
2401403,U,T,wanted,24/2401403/2401403U6Twanted.mov
2401403,A,T,wanted,24/2401403/2401403A5Twanted.mov
2401502,S,V,forgiven,24/2401502/2401502S6Vforgiven.mov
2401502,U,T,forgiven,24/2401502/2401502U1Tforgiven.mov
2401502,A,T,forgiven,24/2401502/2401502A5Tforgiven.mov
2401502,U,T,forgiven,24/2401502/2401502U2Tforgiven.mov
2401502,U,T,forgiven,24/2401502/2401502U5Tforgiven.mov
2401502,P,T,forgiven,24/2401502/2401502P6Tforgiven.mov
2401502,Z,T,forgiven,24/2401502/2401502Z6Tforgiven.mov
2401701,S,V,flattered,24/2401701/2401701S1Vflattered.mov
2401701,P,T,flattered,24/2401701/2401701P6Tflattered.mov
2401701,P,T,flattered,24/2401701/2401701P5Tflattered.mov
2401701,Z,T,flattered,24/2401701/2401701Z5Tflattered.mov
2401701,U,T,flattered,24/2401701/2401701U5Tflattered.mov
2401701,U,T,flattered,24/2401701/2401701U6Tflattered.mov
2401701,R,T,flattered,24/2401701/2401701R6Tflattered.mov
2401901,Z,T,included,24/2401901/2401901Z5Tincluded.mov
2401901,S,V,included,24/2401901/2401901S6Vincluded.mov
2401901,P,T,included,24/2401901/2401901P3Tincluded.mov
2401901,A,T,included,24/2401901/2401901A5Tincluded.mov
2401901,R,T,included,24/2401901/2401901R6Tincluded.mov
2401901,U,T,included,24/2401901/2401901U2Tincluded.mov
2401901,P,T,included,24/2401901/2401901P6Tincluded.mov
2402101,U,T,liked,24/2402101/2402101U6Tliked.mov
2402101,U,T,liked,24/2402101/2402101U1Tliked.mov
2402101,R,T,liked,24/2402101/2402101R6Tliked.mov
2402101,S,V,liked,24/2402101/2402101S3Vliked.mov
2402101,U,T,liked,24/2402101/2402101U2Tliked.mov
2402101,P,T,liked,24/2402101/2402101P5Tliked.mov
2402201,U,T,needed,24/2402201/2402201U1Tneeded.mov
2402201,S,V,needed,24/2402201/2402201S5Vneeded.mov
2402201,A,T,needed,24/2402201/2402201A5Tneeded.mov
2402201,U,T,needed,24/2402201/2402201U5Tneeded.mov
2402201,A,T,needed,24/2402201/2402201A6Tneeded.mov
2402201,U,T,needed,24/2402201/2402201U2Tneeded.mov
2402301,U,T,praised,24/2402301/2402301U2Tpraised.mov
2402301,Z,T,praised,24/2402301/2402301Z6Tpraised.mov
2402301,P,T,praised,24/2402301/2402301P5Tpraised.mov
2402301,U,T,praised,24/2402301/2402301U1Tpraised.mov
2402301,A,T,praised,24/2402301/2402301A5Tpraised.mov
2402301,S,V,praised,24/2402301/2402301S3Vpraised.mov
2402301,U,T,praised,24/2402301/2402301U5Tpraised.mov
2402601,S,V,reassured,24/2402601/2402601S4Vreassured.mov
2402601,R,T,reassured,24/2402601/2402601R6Treassured.mov
2402601,Z,T,reassured,24/2402601/2402601Z6Treassured.mov
2402601,P,T,reassured,24/2402601/2402601P6Treassured.mov
2402601,P,T,reassured,24/2402601/2402601P5Treassured.mov
2402601,P,T,reassured,24/2402601/2402601P3Treassured.mov
2402601,S,V,reassured,24/2402601/2402601S1Vreassured.mov
2402601,A,T,reassured,24/2402601/2402601A5Treassured.mov
2402901,S,V,welcomed,24/2402901/2402901S5Vwelcomed.mov
2402901,S,V,welcomed,24/2402901/2402901S2Vwelcomed.mov
2402901,U,T,welcomed,24/2402901/2402901U2Twelcomed.mov
2402901,Z,T,welcomed,24/2402901/2402901Z6Twelcomed.mov
2402901,U,T,welcomed,24/2402901/2402901U6Twelcomed.mov
2402901,U,T,welcomed,24/2402901/2402901U1Twelcomed.mov
2402901,R,T,welcomed,24/2402901/2402901R6Twelcomed.mov
2402901,P,T,welcomed,24/2402901/2402901P5Twelcomed.mov
2403001,Z,T,rewarded,24/2403001/2403001Z6Trewarded.mov
2403001,P,T,rewarded,24/2403001/2403001P6Trewarded.mov
2403001,U,T,rewarded,24/2403001/2403001U5Trewarded.mov
2403001,S,V,rewarded,24/2403001/2403001S2Vrewarded.mov
2403001,P,T,rewarded,24/2403001/2403001P5Trewarded.mov
2403001,R,T,rewarded,24/2403001/2403001R6Trewarded.mov
2403001,P,T,rewarded,24/2403001/2403001P3Trewarded.mov
